-- phpMyAdmin SQL Dump
-- version 4.9.5deb2
-- https://www.phpmyadmin.net/
--
-- Host: localhost:3306
-- Generation Time: Aug 08, 2020 at 05:16 PM
-- Server version: 10.3.22-MariaDB-1ubuntu1
-- PHP Version: 7.4.3

SET SQL_MODE = "NO_AUTO_VALUE_ON_ZERO";
SET AUTOCOMMIT = 0;
START TRANSACTION;
SET time_zone = "+00:00";


/*!40101 SET @OLD_CHARACTER_SET_CLIENT=@@CHARACTER_SET_CLIENT */;
/*!40101 SET @OLD_CHARACTER_SET_RESULTS=@@CHARACTER_SET_RESULTS */;
/*!40101 SET @OLD_COLLATION_CONNECTION=@@COLLATION_CONNECTION */;
/*!40101 SET NAMES utf8mb4 */;

--
-- Database: `delivery_fasy`
--
CREATE DATABASE IF NOT EXISTS `delivery_fasy` DEFAULT CHARACTER SET utf8 COLLATE utf8_general_ci;
USE `delivery_fasy`;

-- --------------------------------------------------------

--
-- Table structure for table `company`
--

CREATE TABLE `company` (
  `company_id` int(11) NOT NULL,
  `name` varchar(45) NOT NULL,
  `fk_customer_id` int(11) NOT NULL
) ENGINE=InnoDB DEFAULT CHARSET=utf8;

--
-- Dumping data for table `company`
--

INSERT INTO `company` (`company_id`, `name`, `fk_customer_id`) VALUES
(1, 'amet', 33),
(2, 'in, hendrerit consectetuer,', 34),
(3, 'Duis dignissim', 35),
(4, 'dolor', 36),
(5, 'turpis egestas.', 37),
(6, 'Aenean sed', 38),
(7, 'consectetuer rhoncus.', 39),
(8, 'eu dui.', 40),
(9, 'adipiscing lobortis risus.', 41),
(10, 'dignissim', 42),
(11, 'augue ut', 43),
(12, 'Curabitur egestas', 44),
(13, 'sagittis', 45),
(14, 'adipiscing fringilla, porttitor', 46),
(15, 'per inceptos', 47),
(16, 'vitae risus. Duis', 48),
(17, 'adipiscing fringilla,', 49),
(18, 'sapien. Nunc', 50),
(19, 'Integer sem', 51),
(20, 'eu', 52),
(21, 'tincidunt aliquam', 53),
(22, 'nascetur', 54),
(23, 'dapibus', 55),
(24, 'augue ut lacus.', 56),
(25, 'montes, nascetur', 57),
(26, 'tortor.', 58),
(27, 'pede, ultrices a,', 59),
(28, 'viverra. Donec tempus,', 60),
(29, 'egestas. Sed', 61),
(30, 'faucibus orci luctus', 62),
(31, 'accumsan sed, facilisis', 63),
(32, 'suscipit,', 64),
(33, 'diam', 65),
(34, 'Duis', 66),
(35, 'quam a felis', 67),
(36, 'neque vitae semper', 68),
(37, 'ut lacus.', 69),
(38, 'litora', 70),
(39, 'amet massa.', 71),
(40, 'Duis ac arcu.', 72),
(41, 'aliquet', 73),
(42, 'in faucibus', 74),
(43, 'quis, pede. Praesent', 75),
(44, 'auctor vitae,', 76),
(45, 'urna. Ut tincidunt', 77),
(46, 'ipsum. Suspendisse non', 78),
(47, 'eleifend non,', 79),
(48, 'fringilla', 80),
(49, 'aliquet', 81),
(50, 'nec', 82),
(51, 'sem semper', 83),
(52, 'metus. Vivamus euismod', 84),
(53, 'eu erat semper', 85),
(54, 'mauris', 86),
(55, 'dictum magna.', 87),
(56, 'euismod est arcu', 88),
(57, 'diam.', 89),
(58, 'at pede.', 90);

-- --------------------------------------------------------

--
-- Table structure for table `customer`
--

CREATE TABLE `customer` (
  `customer_id` int(11) NOT NULL,
  `first_name` varchar(45) NOT NULL,
  `last_name` varchar(45) NOT NULL,
  `fk_location_id` int(11) NOT NULL
) ENGINE=InnoDB DEFAULT CHARSET=utf8;

--
-- Dumping data for table `customer`
--

INSERT INTO `customer` (`customer_id`, `first_name`, `last_name`, `fk_location_id`) VALUES
(1, 'Graiden', 'Stuart', 1),
(2, 'Tyrone', 'Kane', 2),
(3, 'Jessamine', 'Shepherd', 3),
(4, 'Blair', 'Roman', 4),
(5, 'Barrett', 'David', 5),
(6, 'Amela', 'Mercado', 6),
(7, 'Kirk', 'Bryant', 7),
(8, 'Brennan', 'Griffin', 8),
(9, 'Kevin', 'Hart', 9),
(10, 'Urielle', 'Cohen', 10),
(11, 'Nigel', 'Page', 11),
(12, 'Montana', 'Cain', 12),
(13, 'Desirae', 'Bishop', 13),
(14, 'Aquila', 'Conrad', 14),
(15, 'Fletcher', 'Henson', 15),
(16, 'Rowan', 'Poole', 16),
(17, 'Justine', 'Giles', 17),
(18, 'Reed', 'Morin', 18),
(19, 'Jacob', 'Norris', 19),
(20, 'Bo', 'Clements', 20),
(21, 'Xavier', 'Martinez', 21),
(22, 'Nicholas', 'Taylor', 22),
(23, 'Kirby', 'Pruitt', 23),
(24, 'Murphy', 'Richards', 24),
(25, 'Amal', 'Duke', 25),
(26, 'Colorado', 'Galloway', 26),
(27, 'Hyacinth', 'Jenkins', 27),
(28, 'Wilma', 'Todd', 28),
(29, 'Dominique', 'Higgins', 29),
(30, 'Shad', 'Finley', 30),
(31, 'Veronica', 'Suarez', 31),
(32, 'Kendall', 'Cannon', 32),
(33, 'Remedios', 'Daniels', 33),
(34, 'Hyacinth', 'Strickland', 34),
(35, 'Stacey', 'Gallagher', 35),
(36, 'Bethany', 'Buck', 36),
(37, 'Desiree', 'Camacho', 37),
(38, 'Cade', 'Aguilar', 38),
(39, 'Ifeoma', 'Velasquez', 39),
(40, 'Ursula', 'Webb', 40),
(41, 'Maris', 'Becker', 41),
(42, 'Lynn', 'Dickerson', 42),
(43, 'Emily', 'Kim', 43),
(44, 'Iris', 'Paul', 44),
(45, 'Stacey', 'Joyner', 45),
(46, 'Byron', 'Hayden', 46),
(47, 'Finn', 'English', 47),
(48, 'Larissa', 'Gardner', 48),
(49, 'Hasad', 'Skinner', 49),
(50, 'Naida', 'Good', 50),
(51, 'Rajah', 'Bruce', 51),
(52, 'Mara', 'Farrell', 52),
(53, 'Martin', 'Mcleod', 53),
(54, 'Cleo', 'Baird', 54),
(55, 'Cassidy', 'Head', 55),
(56, 'Jordan', 'Armstrong', 56),
(57, 'Zeus', 'Boyer', 57),
(58, 'Martha', 'Macias', 58),
(59, 'Lila', 'Dalton', 59),
(60, 'Avram', 'Ortega', 60),
(61, 'Leslie', 'Lott', 61),
(62, 'Graham', 'Alexander', 62),
(63, 'Rooney', 'Hamilton', 63),
(64, 'Mollie', 'Moody', 64),
(65, 'Leilani', 'Byers', 65),
(66, 'Hayfa', 'Christian', 66),
(67, 'Julian', 'Reese', 67),
(68, 'Alfreda', 'Roy', 68),
(69, 'John', 'Sheppard', 69),
(70, 'Wade', 'Humphrey', 70),
(71, 'Jackson', 'Haynes', 71),
(72, 'Clark', 'Hale', 72),
(73, 'Athena', 'Stevenson', 73),
(74, 'Ruth', 'Fisher', 74),
(75, 'Nomlanga', 'Wise', 75),
(76, 'Steel', 'Simon', 76),
(77, 'Colby', 'Kramer', 77),
(78, 'Laurel', 'Gamble', 78),
(79, 'Shaine', 'Phillips', 79),
(80, 'Ursula', 'Poole', 80),
(81, 'Yardley', 'Holman', 81),
(82, 'Ryder', 'Wilcox', 82),
(83, 'Kylan', 'Coffey', 83),
(84, 'Lucas', 'Boyer', 84),
(85, 'Libby', 'Mcknight', 85),
(86, 'Kristen', 'Ellis', 86),
(87, 'Ashton', 'Ellison', 87),
(88, 'Tad', 'Dudley', 88),
(89, 'Mohammad', 'Torres', 89),
(90, 'Virginia', 'Frazier', 90),
(91, 'Malachi', 'Booth', 91),
(92, 'Elaine', 'Boone', 92),
(93, 'Kirk', 'Rice', 93),
(94, 'Portia', 'Evans', 94),
(95, 'Colorado', 'Pace', 95),
(96, 'Amelia', 'Baird', 96),
(97, 'Olympia', 'Mcpherson', 97),
(98, 'Ashely', 'Nguyen', 98),
(99, 'Cruz', 'Wyatt', 99),
(100, 'Len', 'Chen', 100);

-- --------------------------------------------------------

--
-- Table structure for table `department`
--

CREATE TABLE `department` (
  `department_id` int(11) NOT NULL,
  `name` varchar(40) NOT NULL
) ENGINE=InnoDB DEFAULT CHARSET=utf8;

--
-- Dumping data for table `department`
--

INSERT INTO `department` (`department_id`, `name`) VALUES
(1, 'mi, ac mattis'),
(2, 'libero lacus, varius'),
(3, 'sociis natoque penatibus'),
(4, 'aliquam arcu. Aliquam'),
(5, 'Phasellus libero mauris,'),
(6, 'fermentum fermentum'),
(7, 'pellentesque massa lobortis'),
(8, 'leo elementum'),
(9, 'quis arcu vel'),
(10, 'rutrum lorem'),
(11, 'ligula eu enim.'),
(12, 'diam nunc, ullamcorper'),
(13, 'Cras convallis'),
(14, 'Nullam'),
(15, 'arcu imperdiet'),
(16, 'scelerisque'),
(17, 'Donec dignissim'),
(18, 'lacus'),
(19, 'massa.'),
(20, 'tincidunt.'),
(21, 'consectetuer'),
(22, 'sodales at, velit.'),
(23, 'dictum.'),
(24, 'molestie pharetra nibh.'),
(25, 'natoque penatibus'),
(26, 'sit amet'),
(27, 'Sed nunc'),
(28, 'Donec fringilla.'),
(29, 'Cras vehicula aliquet'),
(30, 'ligula'),
(31, 'convallis'),
(32, 'sagittis'),
(33, 'diam dictum sapien.'),
(34, 'est'),
(35, 'ante ipsum'),
(36, 'massa. Suspendisse'),
(37, 'sit amet'),
(38, 'erat vitae'),
(39, 'litora'),
(40, 'lorem semper'),
(41, 'eget metus'),
(42, 'lobortis ultrices.'),
(43, 'nisi'),
(44, 'at, iaculis'),
(45, 'sodales nisi'),
(46, 'sem'),
(47, 'euismod mauris eu'),
(48, 'est. Nunc laoreet'),
(49, 'neque et nunc.'),
(50, 'tincidunt, nunc'),
(51, 'odio semper cursus.'),
(52, 'velit. Quisque'),
(53, 'dui nec urna'),
(54, 'Vivamus non'),
(55, 'vestibulum.'),
(56, 'iaculis quis,'),
(57, 'eu, odio.'),
(58, 'nibh.'),
(59, 'arcu. Vestibulum'),
(60, 'vitae, posuere at,'),
(61, 'in aliquet lobortis,'),
(62, 'lectus.'),
(63, 'consectetuer'),
(64, 'nascetur'),
(65, 'erat semper rutrum.'),
(66, 'mattis. Cras'),
(67, 'eget varius'),
(68, 'In nec'),
(69, 'leo,'),
(70, 'justo faucibus lectus,'),
(71, 'lacus.'),
(72, 'lorem. Donec elementum,'),
(73, 'lacinia vitae,'),
(74, 'Vivamus rhoncus.'),
(75, 'lacus. Aliquam'),
(76, 'arcu et'),
(77, 'et netus'),
(78, 'risus.'),
(79, 'diam. Pellentesque'),
(80, 'vitae nibh.'),
(81, 'non, egestas'),
(82, 'sodales purus, in'),
(83, 'dui'),
(84, 'Mauris eu'),
(85, 'mi. Duis'),
(86, 'eu, eleifend nec,'),
(87, 'nisl. Quisque'),
(88, 'orci, consectetuer euismod'),
(89, 'dui, in sodales'),
(90, 'ipsum'),
(91, 'gravida mauris'),
(92, 'nisl. Maecenas'),
(93, 'neque'),
(94, 'egestas,'),
(95, 'libero'),
(96, 'vel nisl. Quisque'),
(97, 'nunc sed libero.'),
(98, 'erat vitae'),
(99, 'Ut nec urna'),
(100, 'purus mauris a');

-- --------------------------------------------------------

--
-- Table structure for table `deposit`
--

CREATE TABLE `deposit` (
  `deposit_id` int(11) NOT NULL,
  `deposit_date` datetime NOT NULL,
  `fk_employee_id` int(11) NOT NULL,
  `fk_customer_id` int(11) NOT NULL,
  `fk_item_id` int(11) NOT NULL
) ENGINE=InnoDB DEFAULT CHARSET=utf8;

--
-- Dumping data for table `deposit`
--

INSERT INTO `deposit` (`deposit_id`, `deposit_date`, `fk_employee_id`, `fk_customer_id`, `fk_item_id`) VALUES
(1, '2020-07-21 00:00:00', 13, 74, 1),
(2, '2020-02-23 00:00:00', 12, 93, 2),
(3, '2020-07-29 00:00:00', 2, 1, 3),
(4, '2020-07-04 00:00:00', 79, 82, 4),
(5, '2020-02-20 00:00:00', 7, 36, 5),
(6, '2020-03-17 00:00:00', 44, 33, 6),
(7, '2019-11-28 00:00:00', 12, 69, 7),
(8, '2019-09-14 00:00:00', 82, 4, 8),
(9, '2020-02-12 00:00:00', 68, 43, 9),
(10, '2019-11-03 00:00:00', 26, 13, 10),
(11, '2019-11-19 00:00:00', 28, 53, 11),
(12, '2020-03-18 00:00:00', 65, 19, 12),
(13, '2020-04-01 00:00:00', 22, 93, 13),
(14, '2020-03-23 00:00:00', 72, 19, 14),
(15, '2020-05-07 00:00:00', 6, 60, 15),
(16, '2020-06-29 00:00:00', 87, 7, 16),
(17, '2020-06-03 00:00:00', 64, 18, 17),
(18, '2020-07-23 00:00:00', 16, 36, 18),
(19, '2020-07-22 00:00:00', 53, 26, 19),
(20, '2020-03-04 00:00:00', 51, 2, 20),
(21, '2020-06-28 00:00:00', 91, 34, 21),
(22, '2020-06-19 00:00:00', 11, 79, 22),
(23, '2020-04-25 00:00:00', 52, 5, 23),
(24, '2020-01-30 00:00:00', 89, 41, 24),
(25, '2020-04-09 00:00:00', 8, 33, 25),
(26, '2020-07-12 00:00:00', 16, 82, 26),
(27, '2019-11-27 00:00:00', 9, 5, 27),
(28, '2019-12-14 00:00:00', 38, 18, 28),
(29, '2020-04-19 00:00:00', 79, 31, 29),
(30, '2019-10-22 00:00:00', 85, 37, 30),
(31, '2019-09-14 00:00:00', 42, 53, 31),
(32, '2020-04-25 00:00:00', 38, 62, 32),
(33, '2019-08-30 00:00:00', 88, 98, 33),
(34, '2019-11-20 00:00:00', 76, 80, 34),
(35, '2020-04-08 00:00:00', 5, 60, 35),
(36, '2019-09-04 00:00:00', 100, 62, 36),
(37, '2019-08-13 00:00:00', 84, 17, 37),
(38, '2020-04-19 00:00:00', 7, 45, 38),
(39, '2019-10-20 00:00:00', 93, 84, 39),
(40, '2020-05-04 00:00:00', 86, 25, 40),
(41, '2020-07-31 00:00:00', 16, 10, 41),
(42, '2019-09-08 00:00:00', 13, 53, 42),
(43, '2020-07-20 00:00:00', 21, 62, 43),
(44, '2020-05-11 00:00:00', 7, 53, 44),
(45, '2019-09-10 00:00:00', 5, 82, 45),
(46, '2020-01-31 00:00:00', 50, 90, 46),
(47, '2020-06-25 00:00:00', 93, 77, 47),
(48, '2019-08-22 00:00:00', 44, 77, 48),
(49, '2019-12-07 00:00:00', 97, 93, 49),
(50, '2019-10-25 00:00:00', 67, 78, 50),
(51, '2020-07-31 00:00:00', 84, 72, 51),
(52, '2019-09-10 00:00:00', 96, 11, 52),
(53, '2020-01-24 00:00:00', 66, 50, 53),
(54, '2019-09-01 00:00:00', 3, 54, 54),
(55, '2020-03-22 00:00:00', 92, 98, 55),
(56, '2020-06-26 00:00:00', 44, 88, 56),
(57, '2019-10-05 00:00:00', 67, 82, 57),
(58, '2020-05-08 00:00:00', 75, 26, 58),
(59, '2020-06-29 00:00:00', 59, 69, 59),
(60, '2020-05-08 00:00:00', 4, 54, 60),
(61, '2019-10-02 00:00:00', 50, 29, 61),
(62, '2019-09-22 00:00:00', 90, 9, 62),
(63, '2020-06-29 00:00:00', 20, 13, 63),
(64, '2019-10-14 00:00:00', 58, 18, 64),
(65, '2020-07-06 00:00:00', 9, 5, 65),
(66, '2019-09-23 00:00:00', 69, 26, 66),
(67, '2019-08-11 00:00:00', 61, 63, 67),
(68, '2020-05-08 00:00:00', 83, 78, 68),
(69, '2020-01-11 00:00:00', 4, 94, 69),
(70, '2019-12-03 00:00:00', 40, 59, 70),
(71, '2019-11-11 00:00:00', 21, 72, 71),
(72, '2020-05-18 00:00:00', 97, 42, 72),
(73, '2019-12-28 00:00:00', 19, 37, 73),
(74, '2020-03-30 00:00:00', 18, 1, 74),
(75, '2019-10-04 00:00:00', 41, 67, 75),
(76, '2019-08-28 00:00:00', 16, 47, 76),
(77, '2020-06-15 00:00:00', 29, 29, 77),
(78, '2019-10-13 00:00:00', 59, 16, 78),
(79, '2020-03-26 00:00:00', 65, 1, 79),
(80, '2020-02-18 00:00:00', 51, 48, 80),
(81, '2020-01-30 00:00:00', 46, 7, 81),
(82, '2020-03-08 00:00:00', 7, 51, 82),
(83, '2019-12-26 00:00:00', 57, 58, 83),
(84, '2019-11-24 00:00:00', 37, 22, 84),
(85, '2020-05-26 00:00:00', 53, 81, 85),
(86, '2020-01-30 00:00:00', 88, 36, 86),
(87, '2019-12-05 00:00:00', 77, 94, 87),
(88, '2020-03-29 00:00:00', 44, 53, 88),
(89, '2020-02-09 00:00:00', 73, 48, 89),
(90, '2020-06-24 00:00:00', 65, 18, 90),
(91, '2019-09-15 00:00:00', 23, 90, 91),
(92, '2019-11-28 00:00:00', 49, 76, 92),
(93, '2019-10-09 00:00:00', 31, 70, 93),
(94, '2020-06-13 00:00:00', 23, 1, 94),
(95, '2020-03-28 00:00:00', 83, 66, 95),
(96, '2020-04-12 00:00:00', 3, 96, 96),
(97, '2020-05-31 00:00:00', 19, 81, 97),
(98, '2020-03-10 00:00:00', 94, 29, 98),
(99, '2020-02-04 00:00:00', 26, 4, 99),
(100, '2019-10-19 00:00:00', 68, 80, 100);

-- --------------------------------------------------------

--
-- Table structure for table `employee`
--

CREATE TABLE `employee` (
  `employee_id` int(11) NOT NULL,
  `first_name` varchar(45) NOT NULL,
  `last_name` varchar(45) NOT NULL,
  `salary` float DEFAULT NULL,
  `fk_department_id` int(11) NOT NULL
) ENGINE=InnoDB DEFAULT CHARSET=utf8;

--
-- Dumping data for table `employee`
--

INSERT INTO `employee` (`employee_id`, `first_name`, `last_name`, `salary`, `fk_department_id`) VALUES
(1, 'Roth', 'Franks', 7862, 12),
(2, 'Robert', 'Bowman', 6422, 65),
(3, 'Richard', 'Newton', 3744, 77),
(4, 'Rhona', 'Richards', 2660, 18),
(5, 'Lani', 'Burke', 6953, 91),
(6, 'Martina', 'Mason', 6158, 3),
(7, 'Jemima', 'Mitchell', 7196, 1),
(8, 'Nichole', 'Davenport', 9121, 84),
(9, 'Kevyn', 'Edwards', 3716, 52),
(10, 'Ethan', 'Blankenship', 4601, 84),
(11, 'Barrett', 'Burnett', 5476, 25),
(12, 'Todd', 'Shaffer', 4608, 82),
(13, 'Bo', 'Wade', 4621, 20),
(14, 'Lana', 'Stanton', 8880, 2),
(15, 'Rinah', 'Meyer', 8375, 46),
(16, 'Zorita', 'Mcpherson', 6972, 85),
(17, 'Rylee', 'Mccarty', 3937, 73),
(18, 'Emmanuel', 'Christian', 6927, 20),
(19, 'Pearl', 'Hansen', 8087, 68),
(20, 'Stacy', 'Guerrero', 8782, 77),
(21, 'Ray', 'Dyer', 5497, 12),
(22, 'Chiquita', 'Barlow', 9885, 25),
(23, 'Heidi', 'Atkins', 1295, 20),
(24, 'Lacota', 'Beard', 5950, 38),
(25, 'Gil', 'Bruce', 7512, 40),
(26, 'Aline', 'Chase', 7615, 41),
(27, 'Kennedy', 'Fitzgerald', 6432, 12),
(28, 'Clark', 'Goodman', 2386, 5),
(29, 'Paloma', 'Burris', 5790, 26),
(30, 'Moses', 'Jordan', 9012, 58),
(31, 'Mohammad', 'Alvarez', 5637, 32),
(32, 'Bree', 'Walsh', 5172, 6),
(33, 'Cairo', 'Joyce', 4627, 82),
(34, 'Cassady', 'Chaney', 6123, 64),
(35, 'Reuben', 'Ramirez', 6422, 87),
(36, 'Tobias', 'Marquez', 4690, 59),
(37, 'Rhonda', 'Kerr', 9307, 80),
(38, 'Georgia', 'Monroe', 4691, 57),
(39, 'Kenyon', 'Middleton', 7105, 1),
(40, 'Maisie', 'Oliver', 5668, 27),
(41, 'Ryder', 'Payne', 5074, 68),
(42, 'Fuller', 'Calderon', 9325, 70),
(43, 'Jessamine', 'Drake', 1924, 18),
(44, 'Hoyt', 'Mcleod', 1586, 61),
(45, 'Kessie', 'Hendrix', 2147, 74),
(46, 'Jolene', 'Rosa', 8706, 61),
(47, 'Risa', 'Peck', 7691, 16),
(48, 'Jarrod', 'Lancaster', 3447, 100),
(49, 'Eagan', 'Reilly', 4724, 9),
(50, 'Raya', 'Riley', 2142, 82),
(51, 'Colton', 'Hendrix', 1060, 83),
(52, 'Howard', 'Sullivan', 5686, 84),
(53, 'Bianca', 'Lee', 3735, 60),
(54, 'Nissim', 'Atkins', 5137, 66),
(55, 'Cullen', 'Summers', 8965, 19),
(56, 'Lucy', 'Combs', 7948, 66),
(57, 'Alvin', 'Valencia', 9028, 26),
(58, 'Alexis', 'Walter', 9384, 40),
(59, 'Ima', 'Gonzales', 4777, 5),
(60, 'Jade', 'Chavez', 8737, 99),
(61, 'Rigel', 'Pacheco', 6581, 69),
(62, 'Hector', 'Lester', 3230, 20),
(63, 'Brock', 'Douglas', 8789, 75),
(64, 'Tucker', 'Rosario', 5930, 90),
(65, 'Emerson', 'Allen', 7561, 60),
(66, 'Blythe', 'Rivers', 3474, 100),
(67, 'Hedley', 'Mccarty', 6247, 20),
(68, 'Irma', 'Fischer', 1150, 48),
(69, 'Candice', 'Bauer', 8167, 88),
(70, 'Jameson', 'English', 6026, 82),
(71, 'Denton', 'Vang', 7996, 32),
(72, 'Wyatt', 'Turner', 6731, 15),
(73, 'Briar', 'Christensen', 1992, 36),
(74, 'Alfreda', 'Brown', 5762, 10),
(75, 'Jerome', 'Mcgee', 2019, 82),
(76, 'Quincy', 'Hahn', 996, 63),
(77, 'Kim', 'Mccoy', 6625, 37),
(78, 'Dominic', 'Kramer', 4344, 4),
(79, 'Tanek', 'Ramsey', 6279, 78),
(80, 'Grant', 'Rodriguez', 5863, 65),
(81, 'Liberty', 'Eaton', 1020, 77),
(82, 'MacKensie', 'Pratt', 9232, 99),
(83, 'Darius', 'Lynch', 2136, 95),
(84, 'Cade', 'Horn', 6436, 94),
(85, 'Guy', 'Moran', 8159, 26),
(86, 'Dexter', 'Bates', 9504, 68),
(87, 'Nigel', 'Lawson', 1003, 7),
(88, 'Steel', 'Pittman', 3814, 35),
(89, 'Zephr', 'Willis', 7135, 38),
(90, 'Patience', 'Bruce', 3244, 95),
(91, 'August', 'Whitaker', 5783, 32),
(92, 'Kerry', 'Gilmore', 7630, 32),
(93, 'Henry', 'Small', 4794, 47),
(94, 'Lesley', 'Hopkins', 9708, 13),
(95, 'Fulton', 'Love', 2954, 48),
(96, 'Hadassah', 'Mcintyre', 3537, 22),
(97, 'Fredericka', 'Crawford', 2727, 63),
(98, 'Declan', 'Mathis', 3008, 81),
(99, 'Tanya', 'Dunn', 4177, 77),
(100, 'Eric', 'Park', 3400, 8);

-- --------------------------------------------------------

--
-- Table structure for table `item`
--

CREATE TABLE `item` (
  `item_id` int(11) NOT NULL,
  `weight` float NOT NULL,
  `width` float DEFAULT NULL,
  `height` float DEFAULT NULL,
  `length` float DEFAULT NULL,
  `insurance_price` float DEFAULT NULL,
  `fk_customer_id` int(11) NOT NULL
) ENGINE=InnoDB DEFAULT CHARSET=utf8;

--
-- Dumping data for table `item`
--

INSERT INTO `item` (`item_id`, `weight`, `width`, `height`, `length`, `insurance_price`, `fk_customer_id`) VALUES
(1, 26, 45, 23, 11, 2017, 1),
(2, 20, 99, 29, 87, 1763, 2),
(3, 24, 40, 23, 93, 2021, 3),
(4, 6, 47, 50, 72, 2255, 4),
(5, 27, 85, 35, 50, 849, 5),
(6, 35, 23, 15, 66, 2230, 6),
(7, 7, 62, 7, 72, 1419, 7),
(8, 9, 99, 43, 77, 967, 8),
(9, 21, 88, 13, 71, 1665, 9),
(10, 28, 53, 25, 62, 2292, 10),
(11, 12, 98, 8, 76, 2496, 11),
(12, 1, 75, 3, 77, 2384, 12),
(13, 18, 37, 35, 5, 2036, 13),
(14, 32, 67, 6, 98, 668, 14),
(15, 14, 6, 48, 19, 860, 15),
(16, 19, 37, 50, 74, 2307, 16),
(17, 35, 85, 24, 9, 1801, 17),
(18, 32, 44, 32, 64, 2290, 18),
(19, 33, 98, 23, 99, 1267, 19),
(20, 22, 90, 3, 40, 442, 20),
(21, 25, 18, 11, 53, 1053, 21),
(22, 18, 58, 2, 49, 1597, 22),
(23, 32, 38, 37, 87, 825, 23),
(24, 30, 60, 17, 8, 2052, 24),
(25, 16, 89, 10, 95, 645, 25),
(26, 1, 68, 8, 42, 214, 26),
(27, 27, 94, 6, 42, 2061, 27),
(28, 5, 10, 3, 90, 2025, 28),
(29, 9, 46, 27, 73, 571, 29),
(30, 2, 29, 24, 11, 957, 30),
(31, 15, 37, 46, 26, 926, 31),
(32, 8, 74, 41, 39, 2496, 32),
(33, 19, 54, 38, 22, 1932, 33),
(34, 2, 70, 12, 23, 1468, 34),
(35, 29, 38, 37, 24, 506, 35),
(36, 29, 45, 49, 35, 264, 36),
(37, 15, 13, 36, 13, 1863, 37),
(38, 17, 7, 40, 49, 1291, 38),
(39, 30, 30, 5, 22, 1570, 39),
(40, 2, 72, 46, 29, 173, 40),
(41, 27, 59, 44, 88, 1579, 41),
(42, 21, 12, 7, 21, 535, 42),
(43, 19, 50, 50, 45, 2382, 43),
(44, 10, 9, 1, 28, 1649, 44),
(45, 13, 2, 23, 92, 768, 45),
(46, 35, 66, 34, 99, 529, 46),
(47, 33, 1, 24, 17, 1952, 47),
(48, 4, 30, 19, 74, 2295, 48),
(49, 2, 26, 49, 77, 217, 49),
(50, 17, 80, 30, 33, 84, 50),
(51, 21, 73, 27, 78, 2135, 51),
(52, 6, 66, 48, 43, 1237, 52),
(53, 22, 2, 4, 100, 1222, 53),
(54, 14, 60, 43, 10, 1803, 54),
(55, 13, 52, 3, 27, 595, 55),
(56, 1, 96, 44, 3, 228, 56),
(57, 33, 27, 43, 21, 1085, 57),
(58, 33, 94, 25, 69, 1312, 58),
(59, 26, 28, 31, 3, 1913, 59),
(60, 19, 86, 1, 29, 371, 60),
(61, 23, 71, 45, 47, 899, 61),
(62, 29, 78, 11, 89, 1468, 62),
(63, 4, 96, 38, 97, 441, 63),
(64, 6, 69, 30, 3, 76, 64),
(65, 1, 25, 39, 31, 1407, 65),
(66, 21, 94, 23, 2, 398, 66),
(67, 25, 91, 35, 68, 278, 67),
(68, 27, 88, 13, 5, 916, 68),
(69, 8, 64, 22, 2, 1952, 69),
(70, 3, 43, 6, 72, 958, 70),
(71, 35, 53, 28, 36, 2362, 71),
(72, 19, 35, 42, 41, 324, 72),
(73, 21, 56, 38, 83, 1172, 73),
(74, 11, 24, 12, 9, 1935, 74),
(75, 9, 18, 24, 22, 2387, 75),
(76, 15, 36, 43, 45, 1803, 76),
(77, 8, 54, 14, 21, 1151, 77),
(78, 28, 50, 42, 30, 1007, 78),
(79, 15, 11, 17, 75, 1348, 79),
(80, 19, 57, 11, 35, 2200, 80),
(81, 35, 49, 32, 30, 1824, 81),
(82, 15, 89, 45, 35, 1547, 82),
(83, 26, 99, 11, 3, 1508, 83),
(84, 19, 75, 8, 53, 2298, 84),
(85, 15, 4, 30, 69, 1014, 85),
(86, 7, 61, 50, 6, 1952, 86),
(87, 5, 75, 24, 55, 2239, 87),
(88, 16, 16, 47, 19, 2236, 88),
(89, 33, 50, 36, 96, 406, 89),
(90, 20, 65, 29, 82, 784, 90),
(91, 1, 27, 24, 42, 1081, 91),
(92, 26, 39, 30, 9, 1770, 92),
(93, 8, 12, 39, 39, 2198, 93),
(94, 17, 95, 15, 16, 2274, 94),
(95, 32, 13, 7, 79, 1197, 95),
(96, 3, 71, 17, 45, 1378, 96),
(97, 32, 11, 39, 87, 651, 97),
(98, 25, 98, 18, 10, 1133, 98),
(99, 33, 60, 11, 88, 474, 99),
(100, 5, 20, 9, 84, 1271, 100),
(101, 34, 29, 37, 50, 2397, 1),
(102, 28, 40, 49, 21, 984, 2),
(103, 13, 53, 49, 37, 1535, 3),
(104, 23, 71, 19, 3, 907, 4),
(105, 8, 38, 34, 21, 1704, 5),
(106, 31, 74, 10, 89, 1588, 6),
(107, 31, 59, 39, 44, 886, 7),
(108, 1, 11, 45, 85, 52, 8),
(109, 12, 29, 9, 16, 1358, 9),
(110, 31, 42, 27, 29, 839, 20),
(111, 17, 51, 4, 18, 1558, 21),
(112, 29, 31, 43, 95, 759, 22),
(113, 24, 47, 43, 47, 2441, 23),
(114, 28, 81, 18, 51, 250, 24),
(115, 32, 15, 30, 89, 186, 25),
(116, 7, 44, 42, 93, 1366, 26),
(117, 33, 89, 37, 18, 579, 27),
(118, 9, 30, 45, 15, 758, 28),
(119, 23, 94, 5, 2, 1836, 29),
(120, 15, 12, 48, 2, 1148, 30),
(121, 19, 34, 11, 54, 1884, 31),
(122, 11, 4, 26, 31, 2323, 32),
(123, 5, 56, 48, 99, 172, 33),
(124, 20, 96, 21, 31, 2002, 34),
(125, 4, 68, 31, 37, 204, 35),
(126, 21, 53, 40, 49, 975, 36),
(127, 6, 36, 10, 49, 428, 37),
(128, 28, 83, 18, 29, 2360, 38),
(129, 5, 70, 30, 83, 714, 39),
(130, 34, 31, 3, 28, 1129, 40),
(131, 22, 93, 21, 87, 1269, 41),
(132, 35, 51, 15, 71, 551, 42),
(133, 34, 60, 39, 30, 1153, 43),
(134, 26, 25, 9, 1, 2473, 44),
(135, 31, 90, 9, 45, 898, 45),
(136, 10, 29, 23, 61, 1519, 46),
(137, 29, 86, 43, 31, 1458, 47),
(138, 33, 60, 45, 63, 95, 48),
(139, 21, 21, 19, 51, 557, 49),
(140, 22, 98, 30, 96, 1006, 50),
(141, 14, 37, 9, 63, 1975, 51),
(142, 28, 38, 33, 68, 533, 52),
(143, 18, 58, 40, 89, 2306, 53),
(144, 5, 78, 46, 70, 1922, 54),
(145, 21, 96, 12, 27, 1987, 55),
(146, 9, 87, 45, 59, 459, 56),
(147, 29, 86, 18, 16, 2236, 57),
(148, 23, 73, 17, 64, 1522, 58),
(149, 17, 93, 34, 28, 809, 59),
(150, 31, 77, 8, 22, 777, 60),
(151, 25, 14, 34, 78, 165, 61),
(152, 23, 41, 8, 84, 1916, 62),
(153, 26, 37, 25, 69, 315, 17),
(154, 10, 69, 36, 37, 1770, 18),
(155, 3, 31, 38, 88, 1230, 19),
(156, 23, 62, 48, 50, 257, 22),
(157, 9, 60, 4, 71, 2149, 40),
(158, 1, 58, 44, 50, 361, 42),
(159, 28, 31, 22, 61, 2092, 44),
(160, 31, 26, 24, 7, 1977, 46),
(161, 5, 57, 41, 41, 345, 48),
(162, 20, 15, 36, 69, 1555, 50),
(163, 7, 44, 27, 8, 138, 52),
(164, 5, 2, 43, 41, 1190, 54),
(165, 28, 18, 42, 7, 1406, 56),
(166, 2, 91, 27, 43, 221, 58),
(167, 26, 21, 44, 44, 1906, 60),
(168, 18, 76, 24, 61, 402, 62),
(169, 19, 91, 24, 6, 2155, 64),
(170, 24, 58, 31, 57, 1271, 66),
(171, 24, 66, 20, 72, 1104, 68),
(172, 1, 74, 25, 80, 445, 70),
(173, 33, 16, 16, 94, 835, 72),
(174, 30, 32, 12, 65, 1400, 74),
(175, 34, 79, 34, 35, 2255, 76),
(176, 9, 79, 22, 53, 1572, 78),
(177, 13, 85, 10, 87, 2202, 80),
(178, 17, 57, 28, 96, 1390, 82),
(179, 6, 45, 18, 43, 14, 84),
(180, 15, 97, 47, 48, 2310, 86),
(181, 8, 20, 39, 71, 317, 88),
(182, 20, 4, 44, 50, 1172, 90),
(183, 14, 26, 25, 53, 832, 92),
(184, 1, 37, 39, 15, 2388, 94),
(185, 28, 78, 10, 7, 1074, 96),
(186, 34, 26, 35, 98, 1035, 98),
(187, 31, 92, 40, 77, 2217, 16),
(188, 21, 52, 25, 33, 284, 19),
(189, 16, 64, 43, 56, 1608, 22),
(190, 35, 43, 32, 34, 1514, 25),
(191, 16, 93, 1, 57, 2067, 28),
(192, 34, 54, 28, 93, 5, 31),
(193, 20, 34, 31, 61, 1798, 34),
(194, 18, 19, 47, 22, 1526, 37),
(195, 27, 65, 30, 60, 502, 40),
(196, 14, 8, 27, 99, 679, 43),
(197, 26, 64, 21, 60, 2411, 46),
(198, 25, 47, 42, 96, 162, 49),
(199, 10, 10, 1, 6, 32, 52),
(200, 15, 76, 43, 72, 627, 55),
(201, 3, 14, 46, 25, 364, 12),
(202, 26, 61, 8, 79, 186, 18),
(203, 32, 6, 14, 79, 1902, 24),
(204, 3, 91, 38, 96, 2494, 30),
(205, 29, 56, 14, 28, 1127, 36),
(206, 34, 19, 39, 55, 2431, 42),
(207, 27, 27, 20, 85, 2313, 48),
(208, 14, 4, 50, 40, 1596, 54),
(209, 10, 80, 27, 19, 1035, 60),
(210, 32, 90, 13, 75, 1080, 66),
(211, 23, 34, 28, 70, 636, 72),
(212, 20, 88, 31, 57, 2279, 78),
(213, 19, 94, 1, 53, 1333, 84),
(214, 11, 47, 16, 86, 1075, 90),
(215, 31, 10, 15, 25, 2400, 96),
(216, 19, 37, 28, 95, 2329, 14),
(217, 18, 84, 5, 49, 524, 17),
(218, 14, 58, 50, 4, 1428, 20),
(219, 33, 76, 49, 76, 1819, 23),
(220, 2, 85, 5, 77, 922, 26),
(221, 16, 20, 11, 3, 455, 29),
(222, 30, 20, 47, 80, 859, 32),
(223, 32, 60, 16, 29, 35, 35),
(224, 30, 47, 5, 56, 1726, 38),
(225, 14, 8, 40, 89, 1830, 41),
(226, 19, 66, 37, 88, 1116, 44),
(227, 1, 52, 42, 41, 1451, 47),
(228, 34, 31, 14, 71, 1294, 50),
(229, 21, 9, 43, 65, 516, 53),
(230, 6, 63, 28, 88, 655, 56),
(231, 34, 1, 32, 5, 1539, 59),
(232, 8, 65, 49, 75, 435, 62),
(233, 32, 100, 3, 56, 2124, 65),
(234, 17, 90, 46, 60, 861, 68),
(235, 32, 63, 37, 52, 51, 71),
(236, 14, 15, 5, 64, 1602, 74),
(237, 2, 97, 48, 20, 2040, 77),
(238, 9, 5, 22, 51, 1418, 80),
(239, 11, 49, 30, 3, 208, 83),
(240, 4, 81, 9, 37, 2070, 86),
(241, 19, 7, 11, 64, 81, 89),
(242, 15, 38, 31, 37, 1975, 92),
(243, 24, 81, 36, 92, 1006, 95),
(244, 31, 24, 6, 41, 1968, 98),
(245, 1, 8, 36, 22, 564, 52),
(246, 26, 39, 25, 87, 1900, 54),
(247, 23, 98, 43, 4, 1758, 56),
(248, 17, 19, 12, 11, 2051, 58),
(249, 2, 74, 45, 98, 2171, 60),
(250, 16, 3, 14, 10, 1340, 62),
(251, 31, 11, 44, 70, 1109, 64),
(252, 10, 43, 4, 27, 129, 66),
(253, 24, 4, 1, 97, 739, 68),
(254, 29, 5, 36, 37, 58, 70),
(255, 22, 99, 33, 36, 1215, 72),
(256, 7, 66, 35, 39, 1874, 74),
(257, 18, 22, 44, 56, 2395, 76),
(258, 8, 37, 35, 21, 835, 78),
(259, 2, 76, 31, 30, 596, 80),
(260, 7, 1, 36, 3, 529, 82),
(261, 10, 43, 20, 70, 1894, 84),
(262, 9, 30, 43, 54, 48, 86),
(263, 33, 8, 25, 73, 319, 88),
(264, 12, 2, 32, 15, 558, 90),
(265, 15, 86, 14, 22, 1603, 92),
(266, 9, 90, 36, 49, 1476, 94),
(267, 10, 9, 23, 63, 2314, 96),
(268, 14, 83, 10, 35, 853, 1),
(269, 18, 79, 6, 87, 823, 2),
(270, 19, 80, 13, 23, 2288, 3),
(271, 16, 90, 34, 5, 2120, 4),
(272, 15, 42, 4, 66, 837, 5),
(273, 23, 28, 41, 86, 1786, 6),
(274, 20, 22, 13, 70, 760, 7),
(275, 1, 72, 26, 26, 423, 8),
(276, 25, 84, 3, 61, 1473, 9),
(277, 10, 100, 11, 40, 644, 10),
(278, 7, 52, 32, 15, 2085, 11),
(279, 23, 41, 5, 68, 703, 12),
(280, 14, 60, 21, 15, 571, 13),
(281, 28, 17, 27, 44, 2231, 14),
(282, 13, 57, 1, 68, 985, 15),
(283, 25, 46, 24, 40, 2176, 16),
(284, 35, 92, 47, 30, 1574, 17),
(285, 3, 31, 41, 87, 1593, 18),
(286, 16, 98, 7, 94, 886, 19),
(287, 8, 67, 33, 37, 1438, 20),
(288, 12, 83, 18, 72, 526, 21),
(289, 7, 94, 8, 36, 2063, 22),
(290, 9, 67, 35, 88, 1615, 23),
(291, 19, 34, 10, 35, 409, 24),
(292, 1, 49, 1, 16, 1536, 25),
(293, 6, 7, 42, 7, 183, 26),
(294, 28, 58, 3, 53, 183, 27),
(295, 6, 57, 45, 78, 628, 28),
(296, 2, 52, 43, 4, 1309, 29),
(297, 29, 18, 33, 1, 1525, 30),
(298, 9, 21, 15, 37, 2208, 31),
(299, 12, 32, 46, 75, 445, 32),
(300, 26, 10, 7, 69, 616, 33);

-- --------------------------------------------------------

--
-- Table structure for table `location`
--

CREATE TABLE `location` (
  `location_id` int(11) NOT NULL,
  `country` varchar(50) NOT NULL,
  `street` varchar(50) NOT NULL,
  `house_number` varchar(20) NOT NULL,
  `fk_zip_id` int(11) NOT NULL
) ENGINE=InnoDB DEFAULT CHARSET=utf8;

--
-- Dumping data for table `location`
--

INSERT INTO `location` (`location_id`, `country`, `street`, `house_number`, `fk_zip_id`) VALUES
(1, 'Hungary', 'sit', '313', 1411),
(2, 'Cook Islands', 'eget,', '847', 1447),
(3, 'Macedonia', 'aliquet nec,', '847', 1569),
(4, 'Madagascar', 'ullamcorper,', '668', 1590),
(5, 'Lesotho', 'auctor', '167', 1614),
(6, 'Montenegro', 'posuere,', '219', 1818),
(7, 'Egypt', 'Aliquam', '734', 1886),
(8, 'Ghana', 'varius. Nam', '431', 2072),
(9, 'Iceland', 'lacus. Etiam', '617', 2249),
(10, 'Russian Federation', 'sem, consequat', '5', 2365),
(11, 'Ghana', 'ut,', '395', 2431),
(12, 'Tajikistan', 'id', '339', 2478),
(13, 'Iceland', 'Donec', '4', 2506),
(14, 'Monaco', 'a,', '330', 2507),
(15, 'Cape Verde', 'ridiculus mus.', '989', 2550),
(16, 'Belarus', 'leo.', '475', 2587),
(17, 'Canada', 'scelerisque sed,', '182', 2670),
(18, 'Uzbekistan', 'Nulla', '774', 2677),
(19, 'Sint Maarten', 'nulla. Cras', '180', 2687),
(20, 'Saint Lucia', 'risus. Duis', '326', 2729),
(21, 'Belgium', 'sagittis', '316', 2752),
(22, 'South Sudan', 'vitae', '797', 2811),
(23, 'Kazakhstan', 'accumsan', '471', 2975),
(24, 'Guam', 'eros', '302', 3043),
(25, 'Bangladesh', 'eget,', '751', 3075),
(26, 'Tunisia', 'cursus et,', '507', 3084),
(27, 'Oman', 'amet', '33', 3222),
(28, 'Djibouti', 'Duis', '458', 3227),
(29, 'Solomon Islands', 'ullamcorper, nisl', '482', 3518),
(30, 'Guam', 'vel', '92', 3613),
(31, 'South Sudan', 'est ac', '801', 3633),
(32, 'Haiti', 'at,', '911', 3649),
(33, 'Slovenia', 'orci.', '943', 3768),
(34, 'Tokelau', 'Nunc', '974', 3970),
(35, 'Sint Maarten', 'at,', '294', 3978),
(36, 'Saint Vincent and The Grenadines', 'a', '857', 4005),
(37, 'Morocco', 'egestas', '59', 4149),
(38, 'Antigua and Barbuda', 'libero dui', '902', 4307),
(39, 'Jordan', 'Sed neque.', '689', 4425),
(40, 'Thailand', 'dolor', '384', 4607),
(41, 'Mali', 'Praesent', '639', 4612),
(42, 'Fiji', 'elit.', '581', 4716),
(43, 'Bonaire, Sint Eustatius and Saba', 'In', '199', 4776),
(44, 'Maldives', 'tempor, est', '44', 4812),
(45, 'Serbia', 'mollis vitae,', '198', 4833),
(46, 'Colombia', 'sed', '614', 4869),
(47, 'Saint Helena, Ascension and Tristan da Cunha', 'ultricies', '782', 4931),
(48, 'Djibouti', 'eget', '580', 5014),
(49, 'Madagascar', 'morbi', '912', 5033),
(50, 'Moldova', 'rutrum', '228', 5132),
(51, 'Hong Kong', 'at, velit.', '159', 5526),
(52, 'Marshall Islands', 'ullamcorper magna.', '957', 5557),
(53, 'Virgin Islands, United States', 'tellus', '31', 5771),
(54, 'Cayman Islands', 'fermentum vel,', '403', 5772),
(55, 'Jordan', 'molestie sodales.', '274', 5804),
(56, 'Palau', 'interdum libero', '807', 6181),
(57, 'Kuwait', 'ipsum', '498', 6272),
(58, 'Croatia', 'tellus', '385', 6395),
(59, 'Sweden', 'Proin sed', '95', 6542),
(60, 'Qatar', 'lacus.', '896', 6795),
(61, 'Panama', 'Ut tincidunt', '391', 6805),
(62, 'Isle of Man', 'Maecenas', '996', 6828),
(63, 'Romania', 'Nullam suscipit,', '185', 6871),
(64, 'Micronesia', 'fames', '258', 6905),
(65, 'Netherlands', 'ipsum', '489', 6933),
(66, 'Indonesia', 'consequat nec,', '458', 6936),
(67, 'Micronesia', 'tincidunt', '683', 7029),
(68, 'Indonesia', 'enim. Mauris', '962', 7333),
(69, 'Serbia', 'ipsum.', '279', 7405),
(70, 'Djibouti', 'vitae', '201', 7534),
(71, 'Malta', 'lobortis risus.', '780', 7665),
(72, 'Malta', 'erat', '473', 7974),
(73, 'Papua New Guinea', 'id sapien.', '6', 8127),
(74, 'Slovenia', 'vestibulum nec,', '642', 8177),
(75, 'Malawi', 'ridiculus', '66', 8192),
(76, 'Mozambique', 'sapien,', '41', 8200),
(77, 'China', 'Quisque ornare', '387', 8409),
(78, 'Myanmar', 'Proin eget', '976', 8467),
(79, 'Bouvet Island', 'cursus purus.', '474', 8570),
(80, 'Malaysia', 'non dui', '305', 8627),
(81, 'Turkmenistan', 'pede.', '173', 8723),
(82, 'Saint Kitts and Nevis', 'dui.', '957', 8741),
(83, 'Bosnia and Herzegovina', 'sed,', '415', 8763),
(84, 'Croatia', 'eros. Nam', '700', 8777),
(85, 'Tanzania', 'bibendum.', '175', 8778),
(86, 'Martinique', 'egestas a,', '850', 8795),
(87, 'Ireland', 'egestas', '93', 8887),
(88, 'Singapore', 'Nunc mauris.', '196', 8910),
(89, 'Reunion', 'arcu. Aliquam', '222', 8917),
(90, 'Thailand', 'in', '865', 9135),
(91, 'Swaziland', 'Donec felis', '272', 9165),
(92, 'Korea, South', 'diam', '229', 9244),
(93, 'Korea, North', 'tempus eu,', '754', 9480),
(94, 'Ukraine', 'semper et,', '39', 9531),
(95, 'Luxembourg', 'lobortis ultrices.', '369', 9609),
(96, 'Russian Federation', 'non', '370', 9707),
(97, 'Tanzania', 'ipsum.', '94', 9887),
(98, 'Anguilla', 'dignissim magna', '580', 9949),
(99, 'Cyprus', 'consectetuer', '522', 9956),
(100, 'Barbados', 'Maecenas', '752', 9995);

-- --------------------------------------------------------

--
-- Table structure for table `pick_up`
--

CREATE TABLE `pick_up` (
  `pick_up_id` int(11) NOT NULL,
  `pick_up_date` datetime NOT NULL,
  `fk_employee_id` int(11) NOT NULL,
  `fk_customer_id` int(11) NOT NULL,
  `fk_item_id` int(11) NOT NULL
) ENGINE=InnoDB DEFAULT CHARSET=utf8;

--
-- Dumping data for table `pick_up`
--

INSERT INTO `pick_up` (`pick_up_id`, `pick_up_date`, `fk_employee_id`, `fk_customer_id`, `fk_item_id`) VALUES
(1, '2020-06-29 00:00:00', 91, 55, 101),
(2, '2020-04-14 00:00:00', 21, 39, 102),
(3, '2020-05-07 00:00:00', 46, 52, 103),
(4, '2019-12-05 00:00:00', 17, 56, 104),
(5, '2020-05-19 00:00:00', 37, 5, 105),
(6, '2019-08-09 00:00:00', 13, 81, 106),
(7, '2020-05-21 00:00:00', 1, 81, 107),
(8, '2020-05-06 00:00:00', 89, 59, 108),
(9, '2020-04-13 00:00:00', 77, 77, 109),
(10, '2020-06-18 00:00:00', 12, 1, 110),
(11, '2019-11-13 00:00:00', 90, 38, 111),
(12, '2020-06-08 00:00:00', 98, 20, 112),
(13, '2019-12-26 00:00:00', 80, 63, 113),
(14, '2019-09-15 00:00:00', 41, 20, 114),
(15, '2019-10-22 00:00:00', 52, 62, 115),
(16, '2020-01-02 00:00:00', 27, 5, 116),
(17, '2020-03-08 00:00:00', 55, 88, 117),
(18, '2020-04-29 00:00:00', 42, 28, 118),
(19, '2019-10-05 00:00:00', 92, 60, 119),
(20, '2020-04-04 00:00:00', 74, 100, 120),
(21, '2020-06-16 00:00:00', 30, 11, 121),
(22, '2019-12-11 00:00:00', 67, 77, 122),
(23, '2019-10-11 00:00:00', 27, 74, 123),
(24, '2019-08-08 00:00:00', 87, 38, 124),
(25, '2020-07-13 00:00:00', 42, 54, 125),
(26, '2019-12-07 00:00:00', 27, 28, 126),
(27, '2020-07-10 00:00:00', 70, 51, 127),
(28, '2020-01-22 00:00:00', 17, 81, 128),
(29, '2020-03-11 00:00:00', 89, 81, 129),
(30, '2019-12-24 00:00:00', 43, 4, 130),
(31, '2019-09-21 00:00:00', 42, 2, 131),
(32, '2020-03-31 00:00:00', 52, 40, 132),
(33, '2019-10-31 00:00:00', 74, 77, 133),
(34, '2019-11-19 00:00:00', 57, 34, 134),
(35, '2020-04-25 00:00:00', 52, 64, 135),
(36, '2019-08-27 00:00:00', 79, 2, 136),
(37, '2019-11-24 00:00:00', 64, 21, 137),
(38, '2020-04-04 00:00:00', 42, 95, 138),
(39, '2019-08-28 00:00:00', 28, 63, 139),
(40, '2019-09-28 00:00:00', 67, 11, 140),
(41, '2020-03-19 00:00:00', 28, 78, 141),
(42, '2020-02-26 00:00:00', 100, 7, 142),
(43, '2019-08-13 00:00:00', 70, 60, 143),
(44, '2019-12-03 00:00:00', 81, 96, 144),
(45, '2020-01-16 00:00:00', 61, 59, 145),
(46, '2020-05-01 00:00:00', 50, 70, 146),
(47, '2020-05-30 00:00:00', 37, 33, 147),
(48, '2020-02-02 00:00:00', 15, 22, 148),
(49, '2020-07-09 00:00:00', 89, 96, 149),
(50, '2019-12-05 00:00:00', 28, 92, 150),
(51, '2019-09-08 00:00:00', 39, 51, 151),
(52, '2020-02-25 00:00:00', 17, 7, 152),
(53, '2019-10-05 00:00:00', 63, 42, 153),
(54, '2020-02-29 00:00:00', 27, 38, 154),
(55, '2020-07-18 00:00:00', 84, 5, 155),
(56, '2019-12-10 00:00:00', 76, 61, 156),
(57, '2019-11-05 00:00:00', 99, 33, 157),
(58, '2019-10-03 00:00:00', 11, 92, 158),
(59, '2019-11-26 00:00:00', 5, 9, 159),
(60, '2020-03-06 00:00:00', 81, 78, 160),
(61, '2019-08-15 00:00:00', 9, 45, 161),
(62, '2020-07-30 00:00:00', 9, 84, 162),
(63, '2020-07-06 00:00:00', 81, 70, 163),
(64, '2020-03-18 00:00:00', 71, 28, 164),
(65, '2020-06-02 00:00:00', 25, 43, 165),
(66, '2019-11-05 00:00:00', 42, 95, 166),
(67, '2020-05-06 00:00:00', 79, 62, 167),
(68, '2020-03-01 00:00:00', 76, 84, 168),
(69, '2019-10-15 00:00:00', 89, 65, 169),
(70, '2020-01-13 00:00:00', 8, 96, 170),
(71, '2020-03-09 00:00:00', 72, 26, 171),
(72, '2019-08-30 00:00:00', 4, 27, 172),
(73, '2019-09-07 00:00:00', 70, 69, 173),
(74, '2020-01-21 00:00:00', 47, 97, 174),
(75, '2019-10-24 00:00:00', 94, 54, 175),
(76, '2020-06-09 00:00:00', 5, 47, 176),
(77, '2020-06-19 00:00:00', 48, 79, 177),
(78, '2020-05-15 00:00:00', 65, 7, 178),
(79, '2019-08-11 00:00:00', 7, 13, 179),
(80, '2020-07-09 00:00:00', 38, 96, 180),
(81, '2020-04-27 00:00:00', 16, 92, 181),
(82, '2020-03-02 00:00:00', 54, 53, 182),
(83, '2020-07-18 00:00:00', 75, 77, 183),
(84, '2019-11-27 00:00:00', 10, 5, 184),
(85, '2019-11-29 00:00:00', 5, 5, 185),
(86, '2020-03-14 00:00:00', 71, 62, 186),
(87, '2019-11-19 00:00:00', 7, 30, 187),
(88, '2019-12-12 00:00:00', 77, 23, 188),
(89, '2019-08-09 00:00:00', 58, 29, 189),
(90, '2020-05-08 00:00:00', 45, 29, 190),
(91, '2019-11-25 00:00:00', 40, 79, 191),
(92, '2019-11-12 00:00:00', 83, 90, 192),
(93, '2020-05-30 00:00:00', 96, 61, 193),
(94, '2020-01-24 00:00:00', 25, 54, 194),
(95, '2020-06-08 00:00:00', 57, 62, 195),
(96, '2020-06-17 00:00:00', 49, 97, 196),
(97, '2019-11-18 00:00:00', 22, 81, 197),
(98, '2020-05-11 00:00:00', 77, 39, 198),
(99, '2020-03-02 00:00:00', 13, 31, 199),
(100, '2019-10-26 00:00:00', 87, 13, 200),
(101, '2020-06-15 00:00:00', 56, 23, 201),
(102, '2019-11-30 00:00:00', 64, 24, 202),
(103, '2019-09-26 00:00:00', 21, 70, 203),
(104, '2020-01-23 00:00:00', 71, 79, 204),
(105, '2020-04-28 00:00:00', 46, 9, 205),
(106, '2020-02-22 00:00:00', 84, 2, 206),
(107, '2020-01-04 00:00:00', 92, 61, 207),
(108, '2019-11-23 00:00:00', 1, 37, 208),
(109, '2020-03-09 00:00:00', 28, 42, 209),
(110, '2020-01-03 00:00:00', 13, 87, 210),
(111, '2019-11-28 00:00:00', 93, 61, 211),
(112, '2019-08-11 00:00:00', 84, 97, 212),
(113, '2020-05-02 00:00:00', 40, 75, 213),
(114, '2019-11-04 00:00:00', 45, 97, 214),
(115, '2019-10-24 00:00:00', 48, 100, 215),
(116, '2020-05-31 00:00:00', 58, 43, 216),
(117, '2020-07-16 00:00:00', 36, 87, 217),
(118, '2020-06-05 00:00:00', 74, 60, 218),
(119, '2020-07-08 00:00:00', 67, 82, 219),
(120, '2019-10-28 00:00:00', 78, 42, 220),
(121, '2019-12-02 00:00:00', 24, 74, 221),
(122, '2019-09-25 00:00:00', 49, 53, 222),
(123, '2019-10-19 00:00:00', 95, 56, 223),
(124, '2019-12-21 00:00:00', 29, 36, 224),
(125, '2019-09-20 00:00:00', 94, 86, 225),
(126, '2020-03-15 00:00:00', 67, 11, 226),
(127, '2019-08-29 00:00:00', 45, 24, 227),
(128, '2020-07-31 00:00:00', 52, 70, 228),
(129, '2019-12-09 00:00:00', 84, 71, 229),
(130, '2020-04-01 00:00:00', 11, 48, 230),
(131, '2020-01-31 00:00:00', 45, 28, 231),
(132, '2019-08-27 00:00:00', 40, 4, 232),
(133, '2019-12-28 00:00:00', 71, 84, 233),
(134, '2019-12-15 00:00:00', 59, 62, 234),
(135, '2020-05-01 00:00:00', 18, 45, 235),
(136, '2019-08-21 00:00:00', 39, 61, 236),
(137, '2019-10-07 00:00:00', 45, 98, 237),
(138, '2019-09-25 00:00:00', 70, 83, 238),
(139, '2019-11-16 00:00:00', 97, 80, 239),
(140, '2019-11-04 00:00:00', 82, 59, 240),
(141, '2019-12-05 00:00:00', 12, 57, 241),
(142, '2020-07-26 00:00:00', 13, 97, 242),
(143, '2020-03-01 00:00:00', 46, 27, 243),
(144, '2020-06-18 00:00:00', 87, 17, 244),
(145, '2019-11-09 00:00:00', 47, 57, 245),
(146, '2019-12-16 00:00:00', 86, 13, 246),
(147, '2020-06-13 00:00:00', 55, 22, 247),
(148, '2020-04-25 00:00:00', 34, 92, 248),
(149, '2019-08-27 00:00:00', 70, 25, 249),
(150, '2020-03-16 00:00:00', 4, 15, 250),
(151, '2019-08-13 00:00:00', 62, 41, 251),
(152, '2020-04-07 00:00:00', 36, 15, 252),
(153, '2020-06-24 00:00:00', 53, 58, 253),
(154, '2019-11-05 00:00:00', 72, 51, 254),
(155, '2020-01-09 00:00:00', 66, 42, 255),
(156, '2020-02-27 00:00:00', 41, 37, 256),
(157, '2019-11-21 00:00:00', 2, 30, 257),
(158, '2020-06-02 00:00:00', 16, 85, 258),
(159, '2020-01-16 00:00:00', 80, 25, 259),
(160, '2019-08-15 00:00:00', 34, 97, 260),
(161, '2020-06-15 00:00:00', 4, 12, 261),
(162, '2020-06-15 00:00:00', 39, 79, 262),
(163, '2020-04-18 00:00:00', 10, 2, 263),
(164, '2020-05-17 00:00:00', 99, 24, 264),
(165, '2020-01-14 00:00:00', 48, 24, 265),
(166, '2019-08-26 00:00:00', 58, 95, 266),
(167, '2019-08-08 00:00:00', 27, 4, 267),
(168, '2020-06-29 00:00:00', 45, 3, 268),
(169, '2020-07-18 00:00:00', 11, 12, 269),
(170, '2020-06-15 00:00:00', 40, 40, 270),
(171, '2019-10-21 00:00:00', 97, 60, 271),
(172, '2020-07-31 00:00:00', 16, 1, 272),
(173, '2019-12-21 00:00:00', 47, 3, 273),
(174, '2019-09-04 00:00:00', 40, 77, 274),
(175, '2020-01-23 00:00:00', 14, 71, 275),
(176, '2019-08-08 00:00:00', 53, 45, 276),
(177, '2019-11-12 00:00:00', 34, 65, 277),
(178, '2020-05-14 00:00:00', 22, 60, 278),
(179, '2019-12-31 00:00:00', 16, 68, 279),
(180, '2019-10-06 00:00:00', 53, 62, 280),
(181, '2020-05-12 00:00:00', 9, 84, 281),
(182, '2019-10-26 00:00:00', 90, 32, 282),
(183, '2019-10-17 00:00:00', 22, 56, 283),
(184, '2020-02-26 00:00:00', 37, 89, 284),
(185, '2020-05-25 00:00:00', 87, 5, 285),
(186, '2019-09-18 00:00:00', 82, 19, 286),
(187, '2020-06-08 00:00:00', 64, 92, 287),
(188, '2019-11-01 00:00:00', 95, 6, 288),
(189, '2020-03-15 00:00:00', 7, 31, 289),
(190, '2019-09-08 00:00:00', 98, 62, 290),
(191, '2019-12-07 00:00:00', 46, 56, 291),
(192, '2020-06-29 00:00:00', 92, 7, 292),
(193, '2020-05-25 00:00:00', 75, 15, 293),
(194, '2020-01-08 00:00:00', 28, 17, 294),
(195, '2020-01-23 00:00:00', 55, 14, 295),
(196, '2020-06-30 00:00:00', 43, 65, 296),
(197, '2020-01-23 00:00:00', 25, 83, 297),
(198, '2020-06-30 00:00:00', 8, 23, 298),
(199, '2020-07-19 00:00:00', 15, 18, 299),
(200, '2020-07-04 00:00:00', 83, 85, 300);

-- --------------------------------------------------------

--
-- Table structure for table `process`
--

CREATE TABLE `process` (
  `process_id` int(11) NOT NULL,
  `status` varchar(50) DEFAULT NULL,
  `fk_employee_id` int(11) NOT NULL,
  `fk_item_id` int(11) NOT NULL
) ENGINE=InnoDB DEFAULT CHARSET=utf8;

--
-- Dumping data for table `process`
--

INSERT INTO `process` (`process_id`, `status`, `fk_employee_id`, `fk_item_id`) VALUES
(1, 'Nunc', 49, 1),
(2, 'iaculis quis, pede.', 16, 2),
(3, 'eget magna. Suspendisse', 100, 3),
(4, 'ante bibendum ullamcorper.', 8, 4),
(5, 'sociis natoque penatibus', 76, 5),
(6, 'Cras eu tellus', 94, 6),
(7, 'mollis non, cursus', 71, 7),
(8, 'Cum', 87, 8),
(9, 'diam. Pellentesque', 32, 9),
(10, 'Nunc lectus pede,', 35, 10),
(11, 'felis. Nulla tempor', 49, 11),
(12, 'posuere', 85, 12),
(13, 'a mi fringilla', 32, 13),
(14, 'ac mattis', 94, 14),
(15, 'pharetra. Quisque ac', 57, 15),
(16, 'Donec', 67, 16),
(17, 'Praesent', 87, 17),
(18, 'bibendum sed, est.', 64, 18),
(19, 'erat,', 98, 19),
(20, 'neque pellentesque', 6, 20),
(21, 'vitae', 4, 21),
(22, 'nec, euismod', 75, 22),
(23, 'est ac', 73, 23),
(24, 'erat.', 46, 24),
(25, 'et risus. Quisque', 29, 25),
(26, 'auctor, nunc nulla', 37, 26),
(27, 'ac libero', 39, 27),
(28, 'Nunc', 34, 28),
(29, 'adipiscing', 53, 29),
(30, 'erat. Vivamus nisi.', 32, 30),
(31, 'ut', 67, 31),
(32, 'lobortis mauris.', 22, 32),
(33, 'Sed congue,', 36, 33),
(34, 'risus odio,', 88, 34),
(35, 'eu,', 85, 35),
(36, 'est ac facilisis', 85, 36),
(37, 'Donec', 3, 37),
(38, 'commodo at, libero.', 56, 38),
(39, 'sagittis.', 38, 39),
(40, 'In tincidunt congue', 52, 40),
(41, 'vel nisl.', 88, 41),
(42, 'rhoncus. Nullam', 87, 42),
(43, 'elit, dictum', 20, 43),
(44, 'Etiam laoreet, libero', 20, 44),
(45, 'Morbi accumsan laoreet', 16, 45),
(46, 'Integer in', 75, 46),
(47, 'vulputate', 56, 47),
(48, 'Etiam', 90, 48),
(49, 'lobortis. Class aptent', 68, 49),
(50, 'netus', 97, 50),
(51, 'Donec', 11, 51),
(52, 'diam lorem, auctor', 50, 52),
(53, 'erat. Etiam vestibulum', 85, 53),
(54, 'amet,', 70, 54),
(55, 'Quisque', 24, 55),
(56, 'eros non', 19, 56),
(57, 'mi felis, adipiscing', 11, 57),
(58, 'mi', 9, 58),
(59, 'lacus. Quisque', 49, 59),
(60, 'nisi sem semper', 73, 60),
(61, 'ipsum. Suspendisse non', 29, 61),
(62, 'In', 88, 62),
(63, 'sit amet,', 91, 63),
(64, 'Vivamus', 64, 64),
(65, 'ullamcorper. Duis at', 54, 65),
(66, 'Nunc ullamcorper,', 90, 66),
(67, 'lacinia vitae,', 13, 67),
(68, 'nibh. Quisque', 88, 68),
(69, 'lacus. Etiam bibendum', 6, 69),
(70, 'Praesent eu dui.', 13, 70),
(71, 'blandit mattis. Cras', 26, 71),
(72, 'per', 47, 72),
(73, 'nisi', 56, 73),
(74, 'blandit enim consequat', 54, 74),
(75, 'Curabitur vel lectus.', 28, 75),
(76, 'non, dapibus rutrum,', 9, 76),
(77, 'Integer', 17, 77),
(78, 'Quisque', 41, 78),
(79, 'sapien imperdiet ornare.', 19, 79),
(80, 'odio', 1, 80),
(81, 'erat vitae risus.', 77, 81),
(82, 'neque. Sed', 39, 82),
(83, 'Etiam', 78, 83),
(84, 'at pede. Cras', 94, 84),
(85, 'semper egestas,', 38, 85),
(86, 'non,', 83, 86),
(87, 'ligula.', 82, 87),
(88, 'Etiam laoreet, libero', 66, 88),
(89, 'scelerisque', 4, 89),
(90, 'ac tellus. Suspendisse', 64, 90),
(91, 'magna.', 21, 91),
(92, 'Pellentesque ut ipsum', 34, 92),
(93, 'convallis', 56, 93),
(94, 'in', 4, 94),
(95, 'Etiam', 78, 95),
(96, 'adipiscing fringilla, porttitor', 72, 96),
(97, 'enim consequat purus.', 88, 97),
(98, 'eget metus. In', 47, 98),
(99, 'ultrices posuere cubilia', 75, 99),
(100, 'Sed auctor odio', 18, 100),
(101, 'vel, venenatis vel,', 34, 101),
(102, 'pede. Suspendisse', 55, 102),
(103, 'lacinia vitae, sodales', 58, 103),
(104, 'erat', 14, 104),
(105, 'amet, dapibus id,', 35, 105),
(106, 'nibh', 3, 106),
(107, 'nisi. Aenean', 8, 107),
(108, 'lacus', 25, 108),
(109, 'in felis. Nulla', 96, 109),
(110, 'vulputate dui, nec', 52, 110),
(111, 'nunc. In at', 19, 111),
(112, 'quam. Pellentesque', 34, 112),
(113, 'Aenean massa. Integer', 47, 113),
(114, 'Nulla', 98, 114),
(115, 'sit', 76, 115),
(116, 'eu nibh', 24, 116),
(117, 'aliquet molestie tellus.', 66, 117),
(118, 'sit amet,', 39, 118),
(119, 'aliquam', 11, 119),
(120, 'purus.', 39, 120),
(121, 'Nulla', 58, 121),
(122, 'nunc', 11, 122),
(123, 'Fusce diam nunc,', 2, 123),
(124, 'auctor.', 1, 124),
(125, 'at augue id', 58, 125),
(126, 'interdum.', 33, 126),
(127, 'aliquet magna', 65, 127),
(128, 'sem semper erat,', 64, 128),
(129, 'sem, vitae', 88, 129),
(130, 'eu elit.', 4, 130),
(131, 'mattis. Cras', 56, 131),
(132, 'quis, tristique', 89, 132),
(133, 'blandit at,', 69, 133),
(134, 'vestibulum', 15, 134),
(135, 'eu', 100, 135),
(136, 'interdum libero', 91, 136),
(137, 'Cras eget', 15, 137),
(138, 'vulputate,', 28, 138),
(139, 'Etiam gravida', 84, 139),
(140, 'et', 41, 140),
(141, 'id', 70, 141),
(142, 'Phasellus dapibus quam', 84, 142),
(143, 'neque sed dictum', 30, 143),
(144, 'dictum', 27, 144),
(145, 'malesuada', 19, 145),
(146, 'quam vel', 90, 146),
(147, 'molestie pharetra nibh.', 30, 147),
(148, 'faucibus lectus, a', 44, 148),
(149, 'tellus.', 67, 149),
(150, 'faucibus', 29, 150),
(151, 'sed orci lobortis', 64, 151),
(152, 'eu', 29, 152),
(153, 'gravida sit', 92, 153),
(154, 'semper', 17, 154),
(155, 'enim', 80, 155),
(156, 'enim.', 13, 156),
(157, 'mauris', 91, 157),
(158, 'elit', 20, 158),
(159, 'interdum', 94, 159),
(160, 'Nam porttitor scelerisque', 75, 160),
(161, 'id enim. Curabitur', 49, 161),
(162, 'massa. Integer vitae', 14, 162),
(163, 'quis lectus.', 56, 163),
(164, 'lacinia. Sed', 84, 164),
(165, 'condimentum. Donec', 72, 165),
(166, 'dolor egestas rhoncus.', 59, 166),
(167, 'eu', 100, 167),
(168, 'nec', 97, 168),
(169, 'aliquet vel, vulputate', 22, 169),
(170, 'sodales nisi magna', 59, 170),
(171, 'eget, dictum placerat,', 43, 171),
(172, 'Aliquam', 51, 172),
(173, 'egestas. Aliquam', 8, 173),
(174, 'at, velit. Pellentesque', 88, 174),
(175, 'fames ac turpis', 69, 175),
(176, 'ridiculus mus.', 46, 176),
(177, 'rhoncus id,', 93, 177),
(178, 'malesuada fringilla est.', 4, 178),
(179, 'Maecenas', 42, 179),
(180, 'Donec', 9, 180),
(181, 'tincidunt,', 7, 181),
(182, 'nisl sem,', 10, 182),
(183, 'in', 66, 183),
(184, 'purus gravida sagittis.', 61, 184),
(185, 'egestas nunc sed', 72, 185),
(186, 'metus. Vivamus', 5, 186),
(187, 'sodales nisi', 39, 187),
(188, 'convallis est, vitae', 68, 188),
(189, 'venenatis', 66, 189),
(190, 'nunc ac mattis', 13, 190),
(191, 'litora', 94, 191),
(192, 'egestas. Sed pharetra,', 32, 192),
(193, 'velit. Sed malesuada', 66, 193),
(194, 'mauris eu', 47, 194),
(195, 'accumsan neque et', 16, 195),
(196, 'massa rutrum', 38, 196),
(197, 'at fringilla', 57, 197),
(198, 'nisi magna', 75, 198),
(199, 'dolor. Fusce', 81, 199),
(200, 'vel, mauris. Integer', 59, 200),
(201, 'Nunc', 86, 201),
(202, 'venenatis', 98, 202),
(203, 'tempor,', 3, 203),
(204, 'quis', 74, 204),
(205, 'ut,', 86, 205),
(206, 'elit. Aliquam', 77, 206),
(207, 'rutrum', 23, 207),
(208, 'sodales', 43, 208),
(209, 'enim,', 16, 209),
(210, 'dictum magna.', 65, 210),
(211, 'magna. Praesent', 87, 211),
(212, 'pede.', 42, 212),
(213, 'ligula', 75, 213),
(214, 'ornare. In', 62, 214),
(215, 'ac turpis', 85, 215),
(216, 'Aenean massa.', 2, 216),
(217, 'velit', 23, 217),
(218, 'porttitor tellus non', 80, 218),
(219, 'erat. Vivamus nisi.', 94, 219),
(220, 'nulla ante,', 1, 220),
(221, 'sit amet', 17, 221),
(222, 'ante. Vivamus non', 28, 222),
(223, 'diam. Sed', 58, 223),
(224, 'Proin velit. Sed', 55, 224),
(225, 'lorem semper', 86, 225),
(226, 'arcu. Nunc', 12, 226),
(227, 'diam', 41, 227),
(228, 'sollicitudin adipiscing ligula.', 69, 228),
(229, 'amet', 94, 229),
(230, 'Proin', 59, 230),
(231, 'metus eu erat', 63, 231),
(232, 'enim, condimentum eget,', 36, 232),
(233, 'ultrices a, auctor', 81, 233),
(234, 'nec, euismod in,', 75, 234),
(235, 'amet, dapibus id,', 36, 235),
(236, 'Pellentesque ultricies dignissim', 84, 236),
(237, 'consequat enim diam', 62, 237),
(238, 'tincidunt', 43, 238),
(239, 'purus,', 97, 239),
(240, 'ornare tortor', 83, 240),
(241, 'metus. Aenean sed', 74, 241),
(242, 'Suspendisse', 9, 242),
(243, 'auctor vitae,', 89, 243),
(244, 'Aliquam', 84, 244),
(245, 'scelerisque mollis.', 12, 245),
(246, 'a sollicitudin orci', 78, 246),
(247, 'ultrices. Vivamus rhoncus.', 48, 247),
(248, 'convallis convallis', 77, 248),
(249, 'montes, nascetur ridiculus', 21, 249),
(250, 'magna. Sed eu', 32, 250),
(251, 'diam dictum sapien.', 57, 251),
(252, 'Aliquam', 1, 252),
(253, 'dui nec', 99, 253),
(254, 'orci tincidunt adipiscing.', 75, 254),
(255, 'molestie tortor', 61, 255),
(256, 'mi lorem,', 32, 256),
(257, 'congue, elit sed', 60, 257),
(258, 'molestie in, tempus', 100, 258),
(259, 'nibh.', 72, 259),
(260, 'magna.', 7, 260),
(261, 'erat', 94, 261),
(262, 'libero. Proin', 24, 262),
(263, 'Pellentesque habitant', 33, 263),
(264, 'ac tellus. Suspendisse', 62, 264),
(265, 'pellentesque eget, dictum', 57, 265),
(266, 'a', 25, 266),
(267, 'metus', 78, 267),
(268, 'amet orci.', 79, 268),
(269, 'laoreet lectus quis', 100, 269),
(270, 'tempus scelerisque, lorem', 59, 270),
(271, 'ac', 99, 271),
(272, 'mauris a nunc.', 32, 272),
(273, 'Duis', 73, 273),
(274, 'vitae,', 43, 274),
(275, 'augue scelerisque mollis.', 89, 275),
(276, 'odio. Etiam ligula', 40, 276),
(277, 'nunc id', 86, 277),
(278, 'nec ante. Maecenas', 40, 278),
(279, 'eget,', 100, 279),
(280, 'luctus. Curabitur', 99, 280),
(281, 'gravida molestie arcu.', 16, 281),
(282, 'metus facilisis', 58, 282),
(283, 'dui quis accumsan', 44, 283),
(284, 'tempor bibendum.', 30, 284),
(285, 'dolor, tempus non,', 62, 285),
(286, 'ornare', 80, 286),
(287, 'leo.', 44, 287),
(288, 'justo.', 2, 288),
(289, 'sapien, gravida non,', 82, 289),
(290, 'elit. Curabitur', 87, 290),
(291, 'massa. Vestibulum', 25, 291),
(292, 'vitae mauris', 10, 292),
(293, 'Duis ac', 22, 293),
(294, 'arcu', 51, 294),
(295, 'Sed', 8, 295),
(296, 'ligula.', 3, 296),
(297, 'dictum. Phasellus in', 50, 297),
(298, 'elit, a feugiat', 41, 298),
(299, 'at', 47, 299),
(300, 'congue turpis. In', 92, 300);

-- --------------------------------------------------------

--
-- Table structure for table `receive`
--

CREATE TABLE `receive` (
  `receive_id` int(11) NOT NULL,
  `status` varchar(50) DEFAULT NULL,
  `receive_date` datetime NOT NULL,
  `fk_customer_id` int(11) NOT NULL,
  `fk_item_id` int(11) NOT NULL
) ENGINE=InnoDB DEFAULT CHARSET=utf8;

--
-- Dumping data for table `receive`
--

INSERT INTO `receive` (`receive_id`, `status`, `receive_date`, `fk_customer_id`, `fk_item_id`) VALUES
(1, 'est,', '2020-07-25 00:00:00', 74, 1),
(2, 'fringilla mi', '2020-02-27 00:00:00', 93, 2),
(3, 'hendrerit', '2020-08-02 00:00:00', 1, 3),
(4, 'at,', '2020-07-08 00:00:00', 82, 4),
(5, 'Donec nibh', '2020-02-24 00:00:00', 36, 5),
(6, 'ultricies', '2020-03-21 00:00:00', 33, 6),
(7, 'Proin vel', '2019-12-02 00:00:00', 69, 7),
(8, 'nulla.', '2019-09-18 00:00:00', 4, 8),
(9, 'sit', '2020-02-16 00:00:00', 43, 9),
(10, 'imperdiet', '2019-11-07 00:00:00', 13, 10),
(11, 'ultricies', '2019-11-23 00:00:00', 53, 11),
(12, 'mi eleifend', '2020-03-22 00:00:00', 19, 12),
(13, 'risus, at', '2020-04-05 00:00:00', 93, 13),
(14, 'erat. Sed', '2020-03-27 00:00:00', 19, 14),
(15, 'Praesent eu nulla', '2020-05-11 00:00:00', 60, 15),
(16, 'fermentum', '2020-07-03 00:00:00', 7, 16),
(17, 'dui. Suspendisse', '2020-06-07 00:00:00', 18, 17),
(18, 'placerat', '2020-07-27 00:00:00', 36, 18),
(19, 'orci luctus', '2020-07-26 00:00:00', 26, 19),
(20, 'dictum', '2020-03-08 00:00:00', 2, 20),
(21, 'non sapien molestie', '2020-07-02 00:00:00', 34, 21),
(22, 'lorem ac risus.', '2020-06-23 00:00:00', 79, 22),
(23, 'neque', '2020-04-29 00:00:00', 5, 23),
(24, 'nunc id enim.', '2020-02-03 00:00:00', 41, 24),
(25, 'risus.', '2020-04-13 00:00:00', 33, 25),
(26, 'semper. Nam', '2020-07-16 00:00:00', 82, 26),
(27, 'nec ligula', '2019-12-01 00:00:00', 5, 27),
(28, 'sapien imperdiet ornare.', '2019-12-18 00:00:00', 18, 28),
(29, 'Vivamus', '2020-04-23 00:00:00', 31, 29),
(30, 'sollicitudin orci sem', '2019-10-26 00:00:00', 37, 30),
(31, 'est.', '2019-09-18 00:00:00', 53, 31),
(32, 'dapibus gravida.', '2020-04-29 00:00:00', 62, 32),
(33, 'rutrum lorem', '2019-09-03 00:00:00', 98, 33),
(34, 'nascetur ridiculus', '2019-11-24 00:00:00', 80, 34),
(35, 'ultricies ornare, elit', '2020-04-12 00:00:00', 60, 35),
(36, 'Praesent eu', '2019-09-08 00:00:00', 62, 36),
(37, 'vitae', '2019-08-17 00:00:00', 17, 37),
(38, 'vitae diam.', '2020-04-23 00:00:00', 45, 38),
(39, 'vulputate mauris sagittis', '2019-10-24 00:00:00', 84, 39),
(40, 'eu tellus', '2020-05-08 00:00:00', 25, 40),
(41, 'est,', '2020-08-04 00:00:00', 10, 41),
(42, 'Quisque', '2019-09-12 00:00:00', 53, 42),
(43, 'Fusce', '2020-07-24 00:00:00', 62, 43),
(44, 'magna. Suspendisse tristique', '2020-05-15 00:00:00', 53, 44),
(45, 'a, enim.', '2019-09-14 00:00:00', 82, 45),
(46, 'interdum. Curabitur', '2020-02-04 00:00:00', 90, 46),
(47, 'vestibulum', '2020-06-29 00:00:00', 77, 47),
(48, 'Suspendisse', '2019-08-26 00:00:00', 77, 48),
(49, 'ad litora', '2019-12-11 00:00:00', 93, 49),
(50, 'lacus. Etiam', '2019-10-29 00:00:00', 78, 50),
(51, 'semper, dui lectus', '2020-08-04 00:00:00', 72, 51),
(52, 'velit in', '2019-09-14 00:00:00', 11, 52),
(53, 'Nunc lectus pede,', '2020-01-28 00:00:00', 50, 53),
(54, 'nibh', '2019-09-05 00:00:00', 54, 54),
(55, 'eu, placerat', '2020-03-26 00:00:00', 98, 55),
(56, 'Nullam suscipit, est', '2020-06-30 00:00:00', 88, 56),
(57, 'mauris. Suspendisse', '2019-10-09 00:00:00', 82, 57),
(58, 'lectus, a', '2020-05-12 00:00:00', 26, 58),
(59, 'scelerisque neque.', '2020-07-03 00:00:00', 69, 59),
(60, 'a nunc. In', '2020-05-12 00:00:00', 54, 60),
(61, 'erat neque', '2019-10-04 00:00:00', 29, 61),
(62, 'odio vel', '2019-09-24 00:00:00', 9, 62),
(63, 'porttitor tellus non', '2020-07-01 00:00:00', 13, 63),
(64, 'turpis', '2019-10-16 00:00:00', 18, 64),
(65, 'lectus rutrum urna,', '2020-07-08 00:00:00', 5, 65),
(66, 'odio sagittis', '2019-09-25 00:00:00', 26, 66),
(67, 'netus', '2019-08-13 00:00:00', 63, 67),
(68, 'velit justo', '2020-05-10 00:00:00', 78, 68),
(69, 'Pellentesque', '2020-01-13 00:00:00', 94, 69),
(70, 'sed dolor. Fusce', '2019-12-05 00:00:00', 59, 70),
(71, 'euismod', '2019-11-13 00:00:00', 72, 71),
(72, 'bibendum fermentum metus.', '2020-05-20 00:00:00', 42, 72),
(73, 'primis', '2019-12-30 00:00:00', 37, 73),
(74, 'congue', '2020-04-01 00:00:00', 1, 74),
(75, 'sociis', '2019-10-06 00:00:00', 67, 75),
(76, 'magnis dis parturient', '2019-08-30 00:00:00', 47, 76),
(77, 'montes, nascetur', '2020-06-17 00:00:00', 29, 77),
(78, 'ac', '2019-10-15 00:00:00', 16, 78),
(79, 'id, blandit', '2020-03-28 00:00:00', 1, 79),
(80, 'Integer eu lacus.', '2020-02-20 00:00:00', 48, 80),
(81, 'Nulla semper tellus', '2020-02-01 00:00:00', 7, 81),
(82, 'erat', '2020-03-10 00:00:00', 51, 82),
(83, 'ut, nulla.', '2019-12-28 00:00:00', 58, 83),
(84, 'Aenean egestas hendrerit', '2019-11-26 00:00:00', 22, 84),
(85, 'Ut sagittis', '2020-05-28 00:00:00', 81, 85),
(86, 'ut quam', '2020-02-01 00:00:00', 36, 86),
(87, 'erat', '2019-12-07 00:00:00', 94, 87),
(88, 'blandit. Nam nulla', '2020-03-31 00:00:00', 53, 88),
(89, 'pede. Suspendisse dui.', '2020-02-11 00:00:00', 48, 89),
(90, 'aliquet molestie tellus.', '2020-06-26 00:00:00', 18, 90),
(91, 'cursus purus. Nullam', '2019-09-17 00:00:00', 90, 91),
(92, 'congue. In', '2019-11-30 00:00:00', 76, 92),
(93, 'vitae', '2019-10-11 00:00:00', 70, 93),
(94, 'urna. Ut tincidunt', '2020-06-15 00:00:00', 1, 94),
(95, 'Nullam velit dui,', '2020-03-30 00:00:00', 66, 95),
(96, 'eu dui. Cum', '2020-04-14 00:00:00', 96, 96),
(97, 'Nunc ac sem', '2020-06-02 00:00:00', 81, 97),
(98, 'tincidunt congue turpis.', '2020-03-12 00:00:00', 29, 98),
(99, 'Proin velit.', '2020-02-06 00:00:00', 4, 99),
(100, 'Nullam ut nisi', '2019-10-21 00:00:00', 80, 100),
(101, 'eget nisi', '2020-07-01 00:00:00', 55, 101),
(102, 'magnis dis parturient', '2020-04-16 00:00:00', 39, 102),
(103, 'cursus', '2020-05-09 00:00:00', 52, 103),
(104, 'et', '2019-12-07 00:00:00', 56, 104),
(105, 'pede.', '2020-05-21 00:00:00', 5, 105),
(106, 'tellus sem', '2019-08-11 00:00:00', 81, 106),
(107, 'risus varius', '2020-05-23 00:00:00', 81, 107),
(108, 'dolor. Quisque', '2020-05-08 00:00:00', 59, 108),
(109, 'eu eros. Nam', '2020-04-15 00:00:00', 77, 109),
(110, 'egestas.', '2020-06-20 00:00:00', 1, 110),
(111, 'Nunc lectus pede,', '2019-11-15 00:00:00', 38, 111),
(112, 'eget massa. Suspendisse', '2020-06-10 00:00:00', 20, 112),
(113, 'tellus sem', '2019-12-28 00:00:00', 63, 113),
(114, 'sodales', '2019-09-17 00:00:00', 20, 114),
(115, 'massa.', '2019-10-24 00:00:00', 62, 115),
(116, 'Morbi', '2020-01-04 00:00:00', 5, 116),
(117, 'arcu iaculis', '2020-03-10 00:00:00', 88, 117),
(118, 'Cras convallis convallis', '2020-05-01 00:00:00', 28, 118),
(119, 'elementum', '2019-10-07 00:00:00', 60, 119),
(120, 'lacinia', '2020-04-06 00:00:00', 100, 120),
(121, 'porttitor vulputate, posuere', '2020-06-18 00:00:00', 11, 121),
(122, 'adipiscing. Mauris', '2019-12-13 00:00:00', 77, 122),
(123, 'hendrerit', '2019-10-13 00:00:00', 74, 123),
(124, 'Donec tincidunt.', '2019-08-10 00:00:00', 38, 124),
(125, 'facilisis eget,', '2020-07-15 00:00:00', 54, 125),
(126, 'cursus, diam', '2019-12-09 00:00:00', 28, 126),
(127, 'nascetur ridiculus mus.', '2020-07-12 00:00:00', 51, 127),
(128, 'eu,', '2020-01-24 00:00:00', 81, 128),
(129, 'libero', '2020-03-13 00:00:00', 81, 129),
(130, 'magna. Lorem ipsum', '2019-12-26 00:00:00', 4, 130),
(131, 'Fusce fermentum fermentum', '2019-09-23 00:00:00', 2, 131),
(132, 'mollis', '2020-04-02 00:00:00', 40, 132),
(133, 'justo', '2019-11-02 00:00:00', 77, 133),
(134, 'accumsan neque', '2019-11-21 00:00:00', 34, 134),
(135, 'augue', '2020-04-27 00:00:00', 64, 135),
(136, 'Praesent', '2019-08-29 00:00:00', 2, 136),
(137, 'Mauris eu', '2019-11-26 00:00:00', 21, 137),
(138, 'Nullam velit', '2020-04-06 00:00:00', 95, 138),
(139, 'convallis, ante', '2019-08-30 00:00:00', 63, 139),
(140, 'dui quis', '2019-09-30 00:00:00', 11, 140),
(141, 'sagittis semper. Nam', '2020-03-21 00:00:00', 78, 141),
(142, 'mauris sit amet', '2020-02-28 00:00:00', 7, 142),
(143, 'ut, nulla.', '2019-08-15 00:00:00', 60, 143),
(144, 'dignissim lacus. Aliquam', '2019-12-05 00:00:00', 96, 144),
(145, 'euismod', '2020-01-18 00:00:00', 59, 145),
(146, 'Donec egestas. Aliquam', '2020-05-03 00:00:00', 70, 146),
(147, 'ac turpis egestas.', '2020-06-01 00:00:00', 33, 147),
(148, 'erat', '2020-02-04 00:00:00', 22, 148),
(149, 'ac,', '2020-07-15 00:00:00', 96, 149),
(150, 'Cras dictum ultricies', '2019-12-11 00:00:00', 92, 150),
(151, 'elementum, dui quis', '2019-09-14 00:00:00', 51, 151),
(152, 'Aenean', '2020-03-02 00:00:00', 7, 152),
(153, 'Duis', '2019-10-11 00:00:00', 42, 153),
(154, 'Nam', '2020-03-06 00:00:00', 38, 154),
(155, 'libero', '2020-07-24 00:00:00', 5, 155),
(156, 'Quisque fringilla', '2019-12-16 00:00:00', 61, 156),
(157, 'arcu', '2019-11-11 00:00:00', 33, 157),
(158, 'eleifend. Cras sed', '2019-10-09 00:00:00', 92, 158),
(159, 'auctor.', '2019-12-02 00:00:00', 9, 159),
(160, 'elit', '2020-03-12 00:00:00', 78, 160),
(161, 'Donec elementum,', '2019-08-21 00:00:00', 45, 161),
(162, 'fringilla euismod enim.', '2020-08-05 00:00:00', 84, 162),
(163, 'nulla. Cras eu', '2020-07-12 00:00:00', 70, 163),
(164, 'turpis egestas. Fusce', '2020-03-24 00:00:00', 28, 164),
(165, 'quis', '2020-06-08 00:00:00', 43, 165),
(166, 'ipsum.', '2019-11-11 00:00:00', 95, 166),
(167, 'Aliquam adipiscing', '2020-05-12 00:00:00', 62, 167),
(168, 'ligula. Aliquam', '2020-03-07 00:00:00', 84, 168),
(169, 'tellus. Aenean egestas', '2019-10-21 00:00:00', 65, 169),
(170, 'egestas rhoncus. Proin', '2020-01-19 00:00:00', 96, 170),
(171, 'quis', '2020-03-15 00:00:00', 26, 171),
(172, 'id magna et', '2019-09-05 00:00:00', 27, 172),
(173, 'Nulla', '2019-09-13 00:00:00', 69, 173),
(174, 'facilisis eget,', '2020-01-27 00:00:00', 97, 174),
(175, 'aliquet vel,', '2019-10-30 00:00:00', 54, 175),
(176, 'elit.', '2020-06-15 00:00:00', 47, 176),
(177, 'semper', '2020-06-25 00:00:00', 79, 177),
(178, 'lorem', '2020-05-21 00:00:00', 7, 178),
(179, 'Nulla dignissim.', '2019-08-17 00:00:00', 13, 179),
(180, 'elementum', '2020-07-15 00:00:00', 96, 180),
(181, 'Etiam ligula', '2020-05-03 00:00:00', 92, 181),
(182, 'felis. Donec', '2020-03-08 00:00:00', 53, 182),
(183, 'neque sed', '2020-07-24 00:00:00', 77, 183),
(184, 'volutpat. Nulla facilisis.', '2019-12-03 00:00:00', 5, 184),
(185, 'urna. Nunc quis', '2019-12-05 00:00:00', 5, 185),
(186, 'massa non', '2020-03-20 00:00:00', 62, 186),
(187, 'magna', '2019-11-25 00:00:00', 30, 187),
(188, 'Mauris nulla. Integer', '2019-12-18 00:00:00', 23, 188),
(189, 'dignissim tempor', '2019-08-15 00:00:00', 29, 189),
(190, 'auctor', '2020-05-14 00:00:00', 29, 190),
(191, 'consectetuer ipsum nunc', '2019-12-01 00:00:00', 79, 191),
(192, 'sed consequat auctor,', '2019-11-18 00:00:00', 90, 192),
(193, 'eu, accumsan', '2020-06-05 00:00:00', 61, 193),
(194, 'ut', '2020-01-30 00:00:00', 54, 194),
(195, 'ipsum', '2020-06-14 00:00:00', 62, 195),
(196, 'Sed', '2020-06-23 00:00:00', 97, 196),
(197, 'semper,', '2019-11-24 00:00:00', 81, 197),
(198, 'gravida. Praesent eu', '2020-05-17 00:00:00', 39, 198),
(199, 'lobortis risus. In', '2020-03-08 00:00:00', 31, 199),
(200, 'adipiscing', '2019-11-01 00:00:00', 13, 200),
(201, 'sit', '2020-06-21 00:00:00', 23, 201),
(202, 'dolor sit', '2019-12-06 00:00:00', 24, 202),
(203, 'Aliquam ultrices', '2019-10-02 00:00:00', 70, 203),
(204, 'Vivamus rhoncus.', '2020-01-29 00:00:00', 79, 204),
(205, 'Nunc mauris', '2020-05-04 00:00:00', 9, 205),
(206, 'magna.', '2020-02-28 00:00:00', 2, 206),
(207, 'per', '2020-01-10 00:00:00', 61, 207),
(208, 'orci', '2019-11-29 00:00:00', 37, 208),
(209, 'eros turpis non', '2020-03-15 00:00:00', 42, 209),
(210, 'id, mollis nec,', '2020-01-09 00:00:00', 87, 210),
(211, 'turpis. Nulla aliquet.', '2019-12-04 00:00:00', 61, 211),
(212, 'sagittis', '2019-08-17 00:00:00', 97, 212),
(213, 'lectus.', '2020-05-08 00:00:00', 75, 213),
(214, 'lacus, varius et,', '2019-11-10 00:00:00', 97, 214),
(215, 'Quisque tincidunt', '2019-10-30 00:00:00', 100, 215),
(216, 'odio,', '2020-06-06 00:00:00', 43, 216),
(217, 'Vestibulum', '2020-07-22 00:00:00', 87, 217),
(218, 'Etiam ligula', '2020-06-11 00:00:00', 60, 218),
(219, 'nibh. Phasellus', '2020-07-14 00:00:00', 82, 219),
(220, 'libero dui nec', '2019-11-03 00:00:00', 42, 220),
(221, 'rutrum lorem', '2019-12-08 00:00:00', 74, 221),
(222, 'augue eu', '2019-10-01 00:00:00', 53, 222),
(223, 'rhoncus. Nullam velit', '2019-10-25 00:00:00', 56, 223),
(224, 'cubilia Curae Donec', '2019-12-27 00:00:00', 36, 224),
(225, 'nisi dictum augue', '2019-09-26 00:00:00', 86, 225),
(226, 'augue. Sed', '2020-03-21 00:00:00', 11, 226),
(227, 'magna. Cras convallis', '2019-09-04 00:00:00', 24, 227),
(228, 'velit. Quisque', '2020-08-06 00:00:00', 70, 228),
(229, 'velit. Quisque', '2019-12-15 00:00:00', 71, 229),
(230, 'Suspendisse non leo.', '2020-04-07 00:00:00', 48, 230),
(231, 'vel,', '2020-02-06 00:00:00', 28, 231),
(232, 'gravida mauris', '2019-09-02 00:00:00', 4, 232),
(233, 'ut', '2020-01-03 00:00:00', 84, 233),
(234, 'dui. Cum', '2019-12-21 00:00:00', 62, 234),
(235, 'nec', '2020-05-07 00:00:00', 45, 235),
(236, 'nec mauris', '2019-08-27 00:00:00', 61, 236),
(237, 'lobortis ultrices.', '2019-10-13 00:00:00', 98, 237),
(238, 'ipsum', '2019-10-01 00:00:00', 83, 238),
(239, 'Nam consequat', '2019-11-22 00:00:00', 80, 239),
(240, 'imperdiet nec,', '2019-11-10 00:00:00', 59, 240),
(241, 'et', '2019-12-11 00:00:00', 57, 241),
(242, 'erat volutpat. Nulla', '2020-08-01 00:00:00', 97, 242),
(243, 'egestas ligula. Nullam', '2020-03-07 00:00:00', 27, 243),
(244, 'sed sem', '2020-06-24 00:00:00', 17, 244),
(245, 'dui', '2019-11-15 00:00:00', 57, 245),
(246, 'aliquam iaculis, lacus', '2019-12-22 00:00:00', 13, 246),
(247, 'ipsum', '2020-06-19 00:00:00', 22, 247),
(248, 'facilisis, magna', '2020-05-01 00:00:00', 92, 248),
(249, 'eget lacus. Mauris', '2019-09-02 00:00:00', 25, 249),
(250, 'vulputate, lacus. Cras', '2020-03-22 00:00:00', 15, 250),
(251, 'interdum.', '2019-08-19 00:00:00', 41, 251),
(252, 'libero.', '2020-04-13 00:00:00', 15, 252),
(253, 'Donec', '2020-06-30 00:00:00', 58, 253),
(254, 'laoreet posuere, enim', '2019-11-11 00:00:00', 51, 254),
(255, 'eget lacus. Mauris', '2020-01-15 00:00:00', 42, 255),
(256, 'ligula.', '2020-03-04 00:00:00', 37, 256),
(257, 'mauris a nunc.', '2019-11-27 00:00:00', 30, 257),
(258, 'vel,', '2020-06-08 00:00:00', 85, 258),
(259, 'sit', '2020-01-22 00:00:00', 25, 259),
(260, 'neque', '2019-08-21 00:00:00', 97, 260),
(261, 'Vivamus nibh', '2020-06-21 00:00:00', 12, 261),
(262, 'auctor', '2020-06-21 00:00:00', 79, 262),
(263, 'lectus. Nullam', '2020-04-24 00:00:00', 2, 263),
(264, 'vitae', '2020-05-23 00:00:00', 24, 264),
(265, 'at pede. Cras', '2020-01-20 00:00:00', 24, 265),
(266, 'luctus sit amet,', '2019-09-01 00:00:00', 95, 266),
(267, 'Sed congue,', '2019-08-14 00:00:00', 4, 267),
(268, 'accumsan laoreet ipsum.', '2020-07-05 00:00:00', 3, 268),
(269, 'augue id', '2020-07-24 00:00:00', 12, 269),
(270, 'amet massa. Quisque', '2020-06-21 00:00:00', 40, 270),
(271, 'euismod', '2019-10-27 00:00:00', 60, 271),
(272, 'et', '2020-08-06 00:00:00', 1, 272),
(273, 'dui nec urna', '2019-12-27 00:00:00', 3, 273),
(274, 'libero. Proin mi.', '2019-09-10 00:00:00', 77, 274),
(275, 'orci. Donec nibh.', '2020-01-29 00:00:00', 71, 275),
(276, 'Nunc sed orci', '2019-08-14 00:00:00', 45, 276),
(277, 'ante,', '2019-11-18 00:00:00', 65, 277),
(278, 'mauris ipsum', '2020-05-20 00:00:00', 60, 278),
(279, 'Aliquam tincidunt,', '2020-01-06 00:00:00', 68, 279),
(280, 'pretium neque.', '2019-10-12 00:00:00', 62, 280),
(281, 'dolor sit amet,', '2020-05-18 00:00:00', 84, 281),
(282, 'mauris', '2019-11-01 00:00:00', 32, 282),
(283, 'magna. Praesent interdum', '2019-10-23 00:00:00', 56, 283),
(284, 'dis parturient montes,', '2020-03-03 00:00:00', 89, 284),
(285, 'lobortis risus.', '2020-05-31 00:00:00', 5, 285),
(286, 'Nullam', '2019-09-24 00:00:00', 19, 286),
(287, 'In mi', '2020-06-14 00:00:00', 92, 287),
(288, 'est.', '2019-11-07 00:00:00', 6, 288),
(289, 'ipsum sodales purus,', '2020-03-21 00:00:00', 31, 289),
(290, 'enim', '2019-09-14 00:00:00', 62, 290),
(291, 'lacus. Mauris', '2019-12-13 00:00:00', 56, 291),
(292, 'cursus, diam', '2020-07-05 00:00:00', 7, 292),
(293, 'vulputate, nisi sem', '2020-05-31 00:00:00', 15, 293),
(294, 'sem', '2020-01-14 00:00:00', 17, 294),
(295, 'Aliquam rutrum lorem', '2020-01-29 00:00:00', 14, 295),
(296, 'neque et nunc.', '2020-07-06 00:00:00', 65, 296),
(297, 'quis, tristique ac,', '2020-01-29 00:00:00', 83, 297),
(298, 'nec metus', '2020-07-06 00:00:00', 23, 298),
(299, 'ornare', '2020-07-25 00:00:00', 18, 299),
(300, 'diam.', '2020-07-10 00:00:00', 85, 300);

-- --------------------------------------------------------

--
-- Table structure for table `send`
--

CREATE TABLE `send` (
  `send_id` int(11) NOT NULL,
  `send_date` datetime NOT NULL,
  `status` varchar(50) DEFAULT NULL,
  `fk_customer_id` int(11) NOT NULL,
  `fk_item_id` int(11) NOT NULL
) ENGINE=InnoDB DEFAULT CHARSET=utf8;

--
-- Dumping data for table `send`
--

INSERT INTO `send` (`send_id`, `send_date`, `status`, `fk_customer_id`, `fk_item_id`) VALUES
(1, '2020-07-20 00:00:00', 'est,', 74, 1),
(2, '2020-02-22 00:00:00', 'fringilla mi', 93, 2),
(3, '2020-07-28 00:00:00', 'hendrerit', 1, 3),
(4, '2020-07-03 00:00:00', 'at,', 82, 4),
(5, '2020-02-19 00:00:00', 'Donec nibh', 36, 5),
(6, '2020-03-16 00:00:00', 'ultricies', 33, 6),
(7, '2019-11-27 00:00:00', 'Proin vel', 69, 7),
(8, '2019-09-13 00:00:00', 'nulla.', 4, 8),
(9, '2020-02-11 00:00:00', 'sit', 43, 9),
(10, '2019-11-02 00:00:00', 'imperdiet', 13, 10),
(11, '2019-11-18 00:00:00', 'ultricies', 53, 11),
(12, '2020-03-17 00:00:00', 'mi eleifend', 19, 12),
(13, '2020-03-31 00:00:00', 'risus, at', 93, 13),
(14, '2020-03-22 00:00:00', 'erat. Sed', 19, 14),
(15, '2020-05-06 00:00:00', 'Praesent eu nulla', 60, 15),
(16, '2020-06-28 00:00:00', 'fermentum', 7, 16),
(17, '2020-06-02 00:00:00', 'dui. Suspendisse', 18, 17),
(18, '2020-07-22 00:00:00', 'placerat', 36, 18),
(19, '2020-07-21 00:00:00', 'orci luctus', 26, 19),
(20, '2020-03-03 00:00:00', 'dictum', 2, 20),
(21, '2020-06-27 00:00:00', 'non sapien molestie', 34, 21),
(22, '2020-06-18 00:00:00', 'lorem ac risus.', 79, 22),
(23, '2020-04-24 00:00:00', 'neque', 5, 23),
(24, '2020-01-29 00:00:00', 'nunc id enim.', 41, 24),
(25, '2020-04-08 00:00:00', 'risus.', 33, 25),
(26, '2020-07-11 00:00:00', 'semper. Nam', 82, 26),
(27, '2019-11-26 00:00:00', 'nec ligula', 5, 27),
(28, '2019-12-13 00:00:00', 'sapien imperdiet ornare.', 18, 28),
(29, '2020-04-18 00:00:00', 'Vivamus', 31, 29),
(30, '2019-10-21 00:00:00', 'sollicitudin orci sem', 37, 30),
(31, '2019-09-13 00:00:00', 'est.', 53, 31),
(32, '2020-04-24 00:00:00', 'dapibus gravida.', 62, 32),
(33, '2019-08-29 00:00:00', 'rutrum lorem', 98, 33),
(34, '2019-11-19 00:00:00', 'nascetur ridiculus', 80, 34),
(35, '2020-04-07 00:00:00', 'ultricies ornare, elit', 60, 35),
(36, '2019-09-03 00:00:00', 'Praesent eu', 62, 36),
(37, '2019-08-12 00:00:00', 'vitae', 17, 37),
(38, '2020-04-18 00:00:00', 'vitae diam.', 45, 38),
(39, '2019-10-19 00:00:00', 'vulputate mauris sagittis', 84, 39),
(40, '2020-05-03 00:00:00', 'eu tellus', 25, 40),
(41, '2020-07-30 00:00:00', 'est,', 10, 41),
(42, '2019-09-07 00:00:00', 'Quisque', 53, 42),
(43, '2020-07-19 00:00:00', 'Fusce', 62, 43),
(44, '2020-05-10 00:00:00', 'magna. Suspendisse tristique', 53, 44),
(45, '2019-09-09 00:00:00', 'a, enim.', 82, 45),
(46, '2020-01-30 00:00:00', 'interdum. Curabitur', 90, 46),
(47, '2020-06-24 00:00:00', 'vestibulum', 77, 47),
(48, '2019-08-21 00:00:00', 'Suspendisse', 77, 48),
(49, '2019-12-06 00:00:00', 'ad litora', 93, 49),
(50, '2019-10-24 00:00:00', 'lacus. Etiam', 78, 50),
(51, '2020-07-30 00:00:00', 'semper, dui lectus', 72, 51),
(52, '2019-09-09 00:00:00', 'velit in', 11, 52),
(53, '2020-01-23 00:00:00', 'Nunc lectus pede,', 50, 53),
(54, '2019-08-31 00:00:00', 'nibh', 54, 54),
(55, '2020-03-21 00:00:00', 'eu, placerat', 98, 55),
(56, '2020-06-25 00:00:00', 'Nullam suscipit, est', 88, 56),
(57, '2019-10-04 00:00:00', 'mauris. Suspendisse', 82, 57),
(58, '2020-05-07 00:00:00', 'lectus, a', 26, 58),
(59, '2020-06-28 00:00:00', 'scelerisque neque.', 69, 59),
(60, '2020-05-07 00:00:00', 'a nunc. In', 54, 60),
(61, '2019-10-01 00:00:00', 'erat neque', 29, 61),
(62, '2019-09-21 00:00:00', 'odio vel', 9, 62),
(63, '2020-06-28 00:00:00', 'porttitor tellus non', 13, 63),
(64, '2019-10-13 00:00:00', 'turpis', 18, 64),
(65, '2020-07-05 00:00:00', 'lectus rutrum urna,', 5, 65),
(66, '2019-09-22 00:00:00', 'odio sagittis', 26, 66),
(67, '2019-08-10 00:00:00', 'netus', 63, 67),
(68, '2020-05-07 00:00:00', 'velit justo', 78, 68),
(69, '2020-01-10 00:00:00', 'Pellentesque', 94, 69),
(70, '2019-12-02 00:00:00', 'sed dolor. Fusce', 59, 70),
(71, '2019-11-10 00:00:00', 'euismod', 72, 71),
(72, '2020-05-17 00:00:00', 'bibendum fermentum metus.', 42, 72),
(73, '2019-12-27 00:00:00', 'primis', 37, 73),
(74, '2020-03-29 00:00:00', 'congue', 1, 74),
(75, '2019-10-03 00:00:00', 'sociis', 67, 75),
(76, '2019-08-27 00:00:00', 'magnis dis parturient', 47, 76),
(77, '2020-06-14 00:00:00', 'montes, nascetur', 29, 77),
(78, '2019-10-12 00:00:00', 'ac', 16, 78),
(79, '2020-03-25 00:00:00', 'id, blandit', 1, 79),
(80, '2020-02-17 00:00:00', 'Integer eu lacus.', 48, 80),
(81, '2020-01-29 00:00:00', 'Nulla semper tellus', 7, 81),
(82, '2020-03-07 00:00:00', 'erat', 51, 82),
(83, '2019-12-25 00:00:00', 'ut, nulla.', 58, 83),
(84, '2019-11-23 00:00:00', 'Aenean egestas hendrerit', 22, 84),
(85, '2020-05-25 00:00:00', 'Ut sagittis', 81, 85),
(86, '2020-01-29 00:00:00', 'ut quam', 36, 86),
(87, '2019-12-04 00:00:00', 'erat', 94, 87),
(88, '2020-03-28 00:00:00', 'blandit. Nam nulla', 53, 88),
(89, '2020-02-08 00:00:00', 'pede. Suspendisse dui.', 48, 89),
(90, '2020-06-23 00:00:00', 'aliquet molestie tellus.', 18, 90),
(91, '2019-09-14 00:00:00', 'cursus purus. Nullam', 90, 91),
(92, '2019-11-27 00:00:00', 'congue. In', 76, 92),
(93, '2019-10-08 00:00:00', 'vitae', 70, 93),
(94, '2020-06-12 00:00:00', 'urna. Ut tincidunt', 1, 94),
(95, '2020-03-27 00:00:00', 'Nullam velit dui,', 66, 95),
(96, '2020-04-11 00:00:00', 'eu dui. Cum', 96, 96),
(97, '2020-05-30 00:00:00', 'Nunc ac sem', 81, 97),
(98, '2020-03-09 00:00:00', 'tincidunt congue turpis.', 29, 98),
(99, '2020-02-03 00:00:00', 'Proin velit.', 4, 99),
(100, '2019-10-18 00:00:00', 'Nullam ut nisi', 80, 100),
(101, '2020-06-28 00:00:00', 'eget nisi', 55, 101),
(102, '2020-04-13 00:00:00', 'magnis dis parturient', 39, 102),
(103, '2020-05-06 00:00:00', 'cursus', 52, 103),
(104, '2019-12-04 00:00:00', 'et', 56, 104),
(105, '2020-05-18 00:00:00', 'pede.', 5, 105),
(106, '2019-08-08 00:00:00', 'tellus sem', 81, 106),
(107, '2020-05-20 00:00:00', 'risus varius', 81, 107),
(108, '2020-05-05 00:00:00', 'dolor. Quisque', 59, 108),
(109, '2020-04-12 00:00:00', 'eu eros. Nam', 77, 109),
(110, '2020-06-17 00:00:00', 'egestas.', 1, 110),
(111, '2019-11-12 00:00:00', 'Nunc lectus pede,', 38, 111),
(112, '2020-06-07 00:00:00', 'eget massa. Suspendisse', 20, 112),
(113, '2019-12-25 00:00:00', 'tellus sem', 63, 113),
(114, '2019-09-14 00:00:00', 'sodales', 20, 114),
(115, '2019-10-21 00:00:00', 'massa.', 62, 115),
(116, '2020-01-01 00:00:00', 'Morbi', 5, 116),
(117, '2020-03-07 00:00:00', 'arcu iaculis', 88, 117),
(118, '2020-04-28 00:00:00', 'Cras convallis convallis', 28, 118),
(119, '2019-10-04 00:00:00', 'elementum', 60, 119),
(120, '2020-04-03 00:00:00', 'lacinia', 100, 120),
(121, '2020-06-15 00:00:00', 'porttitor vulputate, posuere', 11, 121),
(122, '2019-12-10 00:00:00', 'adipiscing. Mauris', 77, 122),
(123, '2019-10-10 00:00:00', 'hendrerit', 74, 123),
(124, '2019-08-07 00:00:00', 'Donec tincidunt.', 38, 124),
(125, '2020-07-12 00:00:00', 'facilisis eget,', 54, 125),
(126, '2019-12-06 00:00:00', 'cursus, diam', 28, 126),
(127, '2020-07-09 00:00:00', 'nascetur ridiculus mus.', 51, 127),
(128, '2020-01-21 00:00:00', 'eu,', 81, 128),
(129, '2020-03-10 00:00:00', 'libero', 81, 129),
(130, '2019-12-23 00:00:00', 'magna. Lorem ipsum', 4, 130),
(131, '2019-09-20 00:00:00', 'Fusce fermentum fermentum', 2, 131),
(132, '2020-03-30 00:00:00', 'mollis', 40, 132),
(133, '2019-10-30 00:00:00', 'justo', 77, 133),
(134, '2019-11-18 00:00:00', 'accumsan neque', 34, 134),
(135, '2020-04-24 00:00:00', 'augue', 64, 135),
(136, '2019-08-26 00:00:00', 'Praesent', 2, 136),
(137, '2019-11-23 00:00:00', 'Mauris eu', 21, 137),
(138, '2020-04-03 00:00:00', 'Nullam velit', 95, 138),
(139, '2019-08-27 00:00:00', 'convallis, ante', 63, 139),
(140, '2019-09-27 00:00:00', 'dui quis', 11, 140),
(141, '2020-03-18 00:00:00', 'sagittis semper. Nam', 78, 141),
(142, '2020-02-25 00:00:00', 'mauris sit amet', 7, 142),
(143, '2019-08-12 00:00:00', 'ut, nulla.', 60, 143),
(144, '2019-12-02 00:00:00', 'dignissim lacus. Aliquam', 96, 144),
(145, '2020-01-15 00:00:00', 'euismod', 59, 145),
(146, '2020-04-30 00:00:00', 'Donec egestas. Aliquam', 70, 146),
(147, '2020-05-29 00:00:00', 'ac turpis egestas.', 33, 147),
(148, '2020-02-01 00:00:00', 'erat', 22, 148),
(149, '2020-07-08 00:00:00', 'ac,', 96, 149),
(150, '2019-12-04 00:00:00', 'Cras dictum ultricies', 92, 150),
(151, '2019-09-07 00:00:00', 'elementum, dui quis', 51, 151),
(152, '2020-02-24 00:00:00', 'Aenean', 7, 152),
(153, '2019-10-04 00:00:00', 'Duis', 42, 153),
(154, '2020-02-28 00:00:00', 'Nam', 38, 154),
(155, '2020-07-17 00:00:00', 'libero', 5, 155),
(156, '2019-12-09 00:00:00', 'Quisque fringilla', 61, 156),
(157, '2019-11-04 00:00:00', 'arcu', 33, 157),
(158, '2019-10-02 00:00:00', 'eleifend. Cras sed', 92, 158),
(159, '2019-11-25 00:00:00', 'auctor.', 9, 159),
(160, '2020-03-05 00:00:00', 'elit', 78, 160),
(161, '2019-08-14 00:00:00', 'Donec elementum,', 45, 161),
(162, '2020-07-29 00:00:00', 'fringilla euismod enim.', 84, 162),
(163, '2020-07-05 00:00:00', 'nulla. Cras eu', 70, 163),
(164, '2020-03-17 00:00:00', 'turpis egestas. Fusce', 28, 164),
(165, '2020-06-01 00:00:00', 'quis', 43, 165),
(166, '2019-11-04 00:00:00', 'ipsum.', 95, 166),
(167, '2020-05-05 00:00:00', 'Aliquam adipiscing', 62, 167),
(168, '2020-02-29 00:00:00', 'ligula. Aliquam', 84, 168),
(169, '2019-10-14 00:00:00', 'tellus. Aenean egestas', 65, 169),
(170, '2020-01-12 00:00:00', 'egestas rhoncus. Proin', 96, 170),
(171, '2020-03-08 00:00:00', 'quis', 26, 171),
(172, '2019-08-29 00:00:00', 'id magna et', 27, 172),
(173, '2019-09-06 00:00:00', 'Nulla', 69, 173),
(174, '2020-01-20 00:00:00', 'facilisis eget,', 97, 174),
(175, '2019-10-23 00:00:00', 'aliquet vel,', 54, 175),
(176, '2020-06-08 00:00:00', 'elit.', 47, 176),
(177, '2020-06-18 00:00:00', 'semper', 79, 177),
(178, '2020-05-14 00:00:00', 'lorem', 7, 178),
(179, '2019-08-10 00:00:00', 'Nulla dignissim.', 13, 179),
(180, '2020-07-08 00:00:00', 'elementum', 96, 180),
(181, '2020-04-26 00:00:00', 'Etiam ligula', 92, 181),
(182, '2020-03-01 00:00:00', 'felis. Donec', 53, 182),
(183, '2020-07-17 00:00:00', 'neque sed', 77, 183),
(184, '2019-11-26 00:00:00', 'volutpat. Nulla facilisis.', 5, 184),
(185, '2019-11-28 00:00:00', 'urna. Nunc quis', 5, 185),
(186, '2020-03-13 00:00:00', 'massa non', 62, 186),
(187, '2019-11-18 00:00:00', 'magna', 30, 187),
(188, '2019-12-11 00:00:00', 'Mauris nulla. Integer', 23, 188),
(189, '2019-08-08 00:00:00', 'dignissim tempor', 29, 189),
(190, '2020-05-07 00:00:00', 'auctor', 29, 190),
(191, '2019-11-24 00:00:00', 'consectetuer ipsum nunc', 79, 191),
(192, '2019-11-11 00:00:00', 'sed consequat auctor,', 90, 192),
(193, '2020-05-29 00:00:00', 'eu, accumsan', 61, 193),
(194, '2020-01-23 00:00:00', 'ut', 54, 194),
(195, '2020-06-07 00:00:00', 'ipsum', 62, 195),
(196, '2020-06-16 00:00:00', 'Sed', 97, 196),
(197, '2019-11-17 00:00:00', 'semper,', 81, 197),
(198, '2020-05-10 00:00:00', 'gravida. Praesent eu', 39, 198),
(199, '2020-03-01 00:00:00', 'lobortis risus. In', 31, 199),
(200, '2019-10-25 00:00:00', 'adipiscing', 13, 200),
(201, '2020-06-14 00:00:00', 'sit', 23, 201),
(202, '2019-11-29 00:00:00', 'dolor sit', 24, 202),
(203, '2019-09-25 00:00:00', 'Aliquam ultrices', 70, 203),
(204, '2020-01-22 00:00:00', 'Vivamus rhoncus.', 79, 204),
(205, '2020-04-27 00:00:00', 'Nunc mauris', 9, 205),
(206, '2020-02-21 00:00:00', 'magna.', 2, 206),
(207, '2020-01-03 00:00:00', 'per', 61, 207),
(208, '2019-11-22 00:00:00', 'orci', 37, 208),
(209, '2020-03-08 00:00:00', 'eros turpis non', 42, 209),
(210, '2020-01-02 00:00:00', 'id, mollis nec,', 87, 210),
(211, '2019-11-27 00:00:00', 'turpis. Nulla aliquet.', 61, 211),
(212, '2019-08-10 00:00:00', 'sagittis', 97, 212),
(213, '2020-05-01 00:00:00', 'lectus.', 75, 213),
(214, '2019-11-03 00:00:00', 'lacus, varius et,', 97, 214),
(215, '2019-10-23 00:00:00', 'Quisque tincidunt', 100, 215),
(216, '2020-05-30 00:00:00', 'odio,', 43, 216),
(217, '2020-07-15 00:00:00', 'Vestibulum', 87, 217),
(218, '2020-06-04 00:00:00', 'Etiam ligula', 60, 218),
(219, '2020-07-07 00:00:00', 'nibh. Phasellus', 82, 219),
(220, '2019-10-27 00:00:00', 'libero dui nec', 42, 220),
(221, '2019-12-01 00:00:00', 'rutrum lorem', 74, 221),
(222, '2019-09-24 00:00:00', 'augue eu', 53, 222),
(223, '2019-10-18 00:00:00', 'rhoncus. Nullam velit', 56, 223),
(224, '2019-12-20 00:00:00', 'cubilia Curae Donec', 36, 224),
(225, '2019-09-19 00:00:00', 'nisi dictum augue', 86, 225),
(226, '2020-03-14 00:00:00', 'augue. Sed', 11, 226),
(227, '2019-08-28 00:00:00', 'magna. Cras convallis', 24, 227),
(228, '2020-07-30 00:00:00', 'velit. Quisque', 70, 228),
(229, '2019-12-08 00:00:00', 'velit. Quisque', 71, 229),
(230, '2020-03-31 00:00:00', 'Suspendisse non leo.', 48, 230),
(231, '2020-01-30 00:00:00', 'vel,', 28, 231),
(232, '2019-08-26 00:00:00', 'gravida mauris', 4, 232),
(233, '2019-12-27 00:00:00', 'ut', 84, 233),
(234, '2019-12-14 00:00:00', 'dui. Cum', 62, 234),
(235, '2020-04-30 00:00:00', 'nec', 45, 235),
(236, '2019-08-20 00:00:00', 'nec mauris', 61, 236),
(237, '2019-10-06 00:00:00', 'lobortis ultrices.', 98, 237),
(238, '2019-09-24 00:00:00', 'ipsum', 83, 238),
(239, '2019-11-15 00:00:00', 'Nam consequat', 80, 239),
(240, '2019-11-03 00:00:00', 'imperdiet nec,', 59, 240),
(241, '2019-12-04 00:00:00', 'et', 57, 241),
(242, '2020-07-25 00:00:00', 'erat volutpat. Nulla', 97, 242),
(243, '2020-02-29 00:00:00', 'egestas ligula. Nullam', 27, 243),
(244, '2020-06-17 00:00:00', 'sed sem', 17, 244),
(245, '2019-11-08 00:00:00', 'dui', 57, 245),
(246, '2019-12-15 00:00:00', 'aliquam iaculis, lacus', 13, 246),
(247, '2020-06-12 00:00:00', 'ipsum', 22, 247),
(248, '2020-04-24 00:00:00', 'facilisis, magna', 92, 248),
(249, '2019-08-26 00:00:00', 'eget lacus. Mauris', 25, 249),
(250, '2020-03-15 00:00:00', 'vulputate, lacus. Cras', 15, 250),
(251, '2019-08-12 00:00:00', 'interdum.', 41, 251),
(252, '2020-04-06 00:00:00', 'libero.', 15, 252),
(253, '2020-06-23 00:00:00', 'Donec', 58, 253),
(254, '2019-11-04 00:00:00', 'laoreet posuere, enim', 51, 254),
(255, '2020-01-08 00:00:00', 'eget lacus. Mauris', 42, 255),
(256, '2020-02-26 00:00:00', 'ligula.', 37, 256),
(257, '2019-11-20 00:00:00', 'mauris a nunc.', 30, 257),
(258, '2020-06-01 00:00:00', 'vel,', 85, 258),
(259, '2020-01-15 00:00:00', 'sit', 25, 259),
(260, '2019-08-14 00:00:00', 'neque', 97, 260),
(261, '2020-06-14 00:00:00', 'Vivamus nibh', 12, 261),
(262, '2020-06-14 00:00:00', 'auctor', 79, 262),
(263, '2020-04-17 00:00:00', 'lectus. Nullam', 2, 263),
(264, '2020-05-16 00:00:00', 'vitae', 24, 264),
(265, '2020-01-13 00:00:00', 'at pede. Cras', 24, 265),
(266, '2019-08-25 00:00:00', 'luctus sit amet,', 95, 266),
(267, '2019-08-07 00:00:00', 'Sed congue,', 4, 267),
(268, '2020-06-28 00:00:00', 'accumsan laoreet ipsum.', 3, 268),
(269, '2020-07-17 00:00:00', 'augue id', 12, 269),
(270, '2020-06-14 00:00:00', 'amet massa. Quisque', 40, 270),
(271, '2019-10-20 00:00:00', 'euismod', 60, 271),
(272, '2020-07-30 00:00:00', 'et', 1, 272),
(273, '2019-12-20 00:00:00', 'dui nec urna', 3, 273),
(274, '2019-09-03 00:00:00', 'libero. Proin mi.', 77, 274),
(275, '2020-01-22 00:00:00', 'orci. Donec nibh.', 71, 275),
(276, '2019-08-07 00:00:00', 'Nunc sed orci', 45, 276),
(277, '2019-11-11 00:00:00', 'ante,', 65, 277),
(278, '2020-05-13 00:00:00', 'mauris ipsum', 60, 278),
(279, '2019-12-30 00:00:00', 'Aliquam tincidunt,', 68, 279),
(280, '2019-10-05 00:00:00', 'pretium neque.', 62, 280),
(281, '2020-05-11 00:00:00', 'dolor sit amet,', 84, 281),
(282, '2019-10-25 00:00:00', 'mauris', 32, 282),
(283, '2019-10-16 00:00:00', 'magna. Praesent interdum', 56, 283),
(284, '2020-02-25 00:00:00', 'dis parturient montes,', 89, 284),
(285, '2020-05-24 00:00:00', 'lobortis risus.', 5, 285),
(286, '2019-09-17 00:00:00', 'Nullam', 19, 286),
(287, '2020-06-07 00:00:00', 'In mi', 92, 287),
(288, '2019-10-31 00:00:00', 'est.', 6, 288),
(289, '2020-03-14 00:00:00', 'ipsum sodales purus,', 31, 289),
(290, '2019-09-07 00:00:00', 'enim', 62, 290),
(291, '2019-12-06 00:00:00', 'lacus. Mauris', 56, 291),
(292, '2020-06-28 00:00:00', 'cursus, diam', 7, 292),
(293, '2020-05-24 00:00:00', 'vulputate, nisi sem', 15, 293),
(294, '2020-01-07 00:00:00', 'sem', 17, 294),
(295, '2020-01-22 00:00:00', 'Aliquam rutrum lorem', 14, 295),
(296, '2020-06-29 00:00:00', 'neque et nunc.', 65, 296),
(297, '2020-01-22 00:00:00', 'quis, tristique ac,', 83, 297),
(298, '2020-06-29 00:00:00', 'nec metus', 23, 298),
(299, '2020-07-18 00:00:00', 'ornare', 18, 299),
(300, '2020-07-03 00:00:00', 'diam.', 85, 300);

-- --------------------------------------------------------

--
-- Table structure for table `zip`
--

CREATE TABLE `zip` (
  `zip_id` int(11) NOT NULL,
  `city` varchar(50) NOT NULL
) ENGINE=InnoDB DEFAULT CHARSET=utf8;

--
-- Dumping data for table `zip`
--

INSERT INTO `zip` (`zip_id`, `city`) VALUES
(1411, 'Ellesmere Port'),
(1447, 'Westport'),
(1569, 'Lamorteau'),
(1590, 'Pica'),
(1614, 'Lang'),
(1818, 'Ronciglione'),
(1886, 'Shikarpur'),
(2072, 'Baden'),
(2249, 'White Rock'),
(2365, 'Campbellton'),
(2431, 'Haloch'),
(2478, 'Tofield'),
(2506, 'Sulzano'),
(2507, 'Magnitogorsk'),
(2550, 'Rutland'),
(2587, 'Veraval'),
(2670, 'Ede'),
(2677, 'Hilversum'),
(2687, 'Barrhead'),
(2729, 'Santa Maria'),
(2752, 'Waardamme'),
(2811, 'Sint-Katherina-Lombeek'),
(2975, 'Chaumont-Gistoux'),
(3043, 'Teodoro Schmidt'),
(3075, 'Anantapur'),
(3084, 'Gifhorn'),
(3222, 'Prato Carnico'),
(3227, 'Geer'),
(3518, 'Salamanca'),
(3613, 'Pitalito'),
(3633, 'Otranto'),
(3649, 'Longueville'),
(3768, 'Bthune'),
(3970, 'Stalowa Wola'),
(3978, 'Bulzi'),
(4005, 'Rouvroy'),
(4149, 'Limoges'),
(4307, 'Huissen'),
(4425, 'Calama'),
(4607, 'Hillsboro'),
(4612, 'Taltal'),
(4716, 'Maidenhead'),
(4776, 'St. Thomas'),
(4812, 'Lawton'),
(4833, 'Montpellier'),
(4869, 'Hermosillo'),
(4931, 'Overland Park'),
(5014, 'Piegaro'),
(5033, 'Posina'),
(5132, 'Richmond'),
(5526, 'Pamplona'),
(5557, 'Berbroek'),
(5771, 'Cedar Rapids'),
(5772, 'Guardia Perticara'),
(5804, '\"Parchim	City\"'),
(6181, 'Seosan'),
(6272, 'Halberstadt'),
(6395, 'Alness'),
(6542, 'Multan'),
(6795, 'Ratlam'),
(6805, 'Limache'),
(6828, 'Vaughan'),
(6871, 'Malakand'),
(6905, 'Bendigo'),
(6933, 'Campos dos Goytacazes'),
(6936, 'Caldarola'),
(7029, 'Vilna'),
(7333, 'Wolfsburg'),
(7405, 'Gontrode'),
(7534, 'Bandar Lampung'),
(7665, 'Wagnele'),
(7974, 'Guarapuava'),
(8127, 'Seongnam'),
(8177, 'Retford'),
(8192, 'Campochiaro'),
(8200, 'Puerto Guzmn'),
(8409, 'Puntarenas'),
(8467, 'Jambi'),
(8570, 'Ajax'),
(8627, 'Castelvetere in Val Fortore'),
(8723, 'Overland Park'),
(8741, 'Pangnirtung'),
(8763, 'Motta Visconti'),
(8777, 'Ciplet'),
(8778, 'Abaetetuba'),
(8795, 'Collines-de-l\'Outaouais'),
(8887, 'Gnen'),
(8910, 'Hualaihu'),
(8917, 'Lincoln'),
(9135, 'Luino'),
(9165, 'Tulita'),
(9244, 'Hulst'),
(9480, 'Brussel'),
(9531, 'Serralunga d\'Alba'),
(9609, 'Piedecuesta'),
(9707, 'Forchtenstein'),
(9887, 'Ipswich'),
(9949, 'Whitehorse'),
(9956, 'Tongue'),
(9995, 'Manisa');

--
-- Indexes for dumped tables
--

--
-- Indexes for table `company`
--
ALTER TABLE `company`
  ADD PRIMARY KEY (`company_id`),
  ADD KEY `fk_customer_id` (`fk_customer_id`);

--
-- Indexes for table `customer`
--
ALTER TABLE `customer`
  ADD PRIMARY KEY (`customer_id`),
  ADD KEY `fk_location_id` (`fk_location_id`);

--
-- Indexes for table `department`
--
ALTER TABLE `department`
  ADD PRIMARY KEY (`department_id`);

--
-- Indexes for table `deposit`
--
ALTER TABLE `deposit`
  ADD PRIMARY KEY (`deposit_id`),
  ADD KEY `fk_customer_id` (`fk_customer_id`),
  ADD KEY `fk_item_id` (`fk_item_id`),
  ADD KEY `fk_employee_id` (`fk_employee_id`);

--
-- Indexes for table `employee`
--
ALTER TABLE `employee`
  ADD PRIMARY KEY (`employee_id`),
  ADD KEY `fk_department_id` (`fk_department_id`);

--
-- Indexes for table `item`
--
ALTER TABLE `item`
  ADD PRIMARY KEY (`item_id`),
  ADD KEY `fk_customer_id` (`fk_customer_id`);

--
-- Indexes for table `location`
--
ALTER TABLE `location`
  ADD PRIMARY KEY (`location_id`),
  ADD KEY `fk_zip_id` (`fk_zip_id`);

--
-- Indexes for table `pick_up`
--
ALTER TABLE `pick_up`
  ADD PRIMARY KEY (`pick_up_id`),
  ADD KEY `fk_customer_id` (`fk_customer_id`),
  ADD KEY `fk_item_id` (`fk_item_id`),
  ADD KEY `fk_employee_id` (`fk_employee_id`);

--
-- Indexes for table `process`
--
ALTER TABLE `process`
  ADD PRIMARY KEY (`process_id`),
  ADD KEY `fk_employee_id` (`fk_employee_id`),
  ADD KEY `fk_item_id` (`fk_item_id`);

--
-- Indexes for table `receive`
--
ALTER TABLE `receive`
  ADD PRIMARY KEY (`receive_id`),
  ADD KEY `fk_customer_id` (`fk_customer_id`),
  ADD KEY `fk_item_id` (`fk_item_id`);

--
-- Indexes for table `send`
--
ALTER TABLE `send`
  ADD PRIMARY KEY (`send_id`),
  ADD KEY `fk_customer_id` (`fk_customer_id`),
  ADD KEY `fk_item_id` (`fk_item_id`);

--
-- Indexes for table `zip`
--
ALTER TABLE `zip`
  ADD PRIMARY KEY (`zip_id`);

--
-- AUTO_INCREMENT for dumped tables
--

--
-- AUTO_INCREMENT for table `company`
--
ALTER TABLE `company`
  MODIFY `company_id` int(11) NOT NULL AUTO_INCREMENT, AUTO_INCREMENT=59;

--
-- AUTO_INCREMENT for table `customer`
--
ALTER TABLE `customer`
  MODIFY `customer_id` int(11) NOT NULL AUTO_INCREMENT, AUTO_INCREMENT=101;

--
-- AUTO_INCREMENT for table `department`
--
ALTER TABLE `department`
  MODIFY `department_id` int(11) NOT NULL AUTO_INCREMENT, AUTO_INCREMENT=101;

--
-- AUTO_INCREMENT for table `deposit`
--
ALTER TABLE `deposit`
  MODIFY `deposit_id` int(11) NOT NULL AUTO_INCREMENT, AUTO_INCREMENT=101;

--
-- AUTO_INCREMENT for table `employee`
--
ALTER TABLE `employee`
  MODIFY `employee_id` int(11) NOT NULL AUTO_INCREMENT, AUTO_INCREMENT=101;

--
-- AUTO_INCREMENT for table `item`
--
ALTER TABLE `item`
  MODIFY `item_id` int(11) NOT NULL AUTO_INCREMENT, AUTO_INCREMENT=301;

--
-- AUTO_INCREMENT for table `location`
--
ALTER TABLE `location`
  MODIFY `location_id` int(11) NOT NULL AUTO_INCREMENT, AUTO_INCREMENT=101;

--
-- AUTO_INCREMENT for table `pick_up`
--
ALTER TABLE `pick_up`
  MODIFY `pick_up_id` int(11) NOT NULL AUTO_INCREMENT, AUTO_INCREMENT=201;

--
-- AUTO_INCREMENT for table `process`
--
ALTER TABLE `process`
  MODIFY `process_id` int(11) NOT NULL AUTO_INCREMENT, AUTO_INCREMENT=301;

--
-- AUTO_INCREMENT for table `receive`
--
ALTER TABLE `receive`
  MODIFY `receive_id` int(11) NOT NULL AUTO_INCREMENT, AUTO_INCREMENT=301;

--
-- AUTO_INCREMENT for table `send`
--
ALTER TABLE `send`
  MODIFY `send_id` int(11) NOT NULL AUTO_INCREMENT, AUTO_INCREMENT=301;

--
-- Constraints for dumped tables
--

--
-- Constraints for table `company`
--
ALTER TABLE `company`
  ADD CONSTRAINT `company_ibfk_1` FOREIGN KEY (`fk_customer_id`) REFERENCES `customer` (`customer_id`);

--
-- Constraints for table `customer`
--
ALTER TABLE `customer`
  ADD CONSTRAINT `customer_ibfk_1` FOREIGN KEY (`fk_location_id`) REFERENCES `location` (`location_id`);

--
-- Constraints for table `deposit`
--
ALTER TABLE `deposit`
  ADD CONSTRAINT `deposit_ibfk_1` FOREIGN KEY (`fk_customer_id`) REFERENCES `customer` (`customer_id`),
  ADD CONSTRAINT `deposit_ibfk_2` FOREIGN KEY (`fk_item_id`) REFERENCES `item` (`item_id`),
  ADD CONSTRAINT `deposit_ibfk_3` FOREIGN KEY (`fk_employee_id`) REFERENCES `employee` (`employee_id`);

--
-- Constraints for table `employee`
--
ALTER TABLE `employee`
  ADD CONSTRAINT `employee_ibfk_1` FOREIGN KEY (`fk_department_id`) REFERENCES `department` (`department_id`);

--
-- Constraints for table `item`
--
ALTER TABLE `item`
  ADD CONSTRAINT `item_ibfk_1` FOREIGN KEY (`fk_customer_id`) REFERENCES `customer` (`customer_id`);

--
-- Constraints for table `location`
--
ALTER TABLE `location`
  ADD CONSTRAINT `location_ibfk_1` FOREIGN KEY (`fk_zip_id`) REFERENCES `zip` (`zip_id`);

--
-- Constraints for table `pick_up`
--
ALTER TABLE `pick_up`
  ADD CONSTRAINT `pick_up_ibfk_1` FOREIGN KEY (`fk_customer_id`) REFERENCES `customer` (`customer_id`),
  ADD CONSTRAINT `pick_up_ibfk_2` FOREIGN KEY (`fk_item_id`) REFERENCES `item` (`item_id`),
  ADD CONSTRAINT `pick_up_ibfk_3` FOREIGN KEY (`fk_employee_id`) REFERENCES `employee` (`employee_id`);

--
-- Constraints for table `process`
--
ALTER TABLE `process`
  ADD CONSTRAINT `process_ibfk_1` FOREIGN KEY (`fk_employee_id`) REFERENCES `employee` (`employee_id`),
  ADD CONSTRAINT `process_ibfk_2` FOREIGN KEY (`fk_item_id`) REFERENCES `item` (`item_id`);

--
-- Constraints for table `receive`
--
ALTER TABLE `receive`
  ADD CONSTRAINT `receive_ibfk_1` FOREIGN KEY (`fk_customer_id`) REFERENCES `customer` (`customer_id`),
  ADD CONSTRAINT `receive_ibfk_2` FOREIGN KEY (`fk_item_id`) REFERENCES `item` (`item_id`);

--
-- Constraints for table `send`
--
ALTER TABLE `send`
  ADD CONSTRAINT `send_ibfk_1` FOREIGN KEY (`fk_customer_id`) REFERENCES `customer` (`customer_id`),
  ADD CONSTRAINT `send_ibfk_2` FOREIGN KEY (`fk_item_id`) REFERENCES `item` (`item_id`);
COMMIT;

/*!40101 SET CHARACTER_SET_CLIENT=@OLD_CHARACTER_SET_CLIENT */;
/*!40101 SET CHARACTER_SET_RESULTS=@OLD_CHARACTER_SET_RESULTS */;
/*!40101 SET COLLATION_CONNECTION=@OLD_COLLATION_CONNECTION */;
